-- MySQL dump 10.13  Distrib 8.0.44, for Win64 (x86_64)
--
-- Host: 127.0.0.1    Database: finalproject_app
-- ------------------------------------------------------
-- Server version	8.0.44

/*!40101 SET @OLD_CHARACTER_SET_CLIENT=@@CHARACTER_SET_CLIENT */;
/*!40101 SET @OLD_CHARACTER_SET_RESULTS=@@CHARACTER_SET_RESULTS */;
/*!40101 SET @OLD_COLLATION_CONNECTION=@@COLLATION_CONNECTION */;
/*!50503 SET NAMES utf8 */;
/*!40103 SET @OLD_TIME_ZONE=@@TIME_ZONE */;
/*!40103 SET TIME_ZONE='+00:00' */;
/*!40014 SET @OLD_UNIQUE_CHECKS=@@UNIQUE_CHECKS, UNIQUE_CHECKS=0 */;
/*!40014 SET @OLD_FOREIGN_KEY_CHECKS=@@FOREIGN_KEY_CHECKS, FOREIGN_KEY_CHECKS=0 */;
/*!40101 SET @OLD_SQL_MODE=@@SQL_MODE, SQL_MODE='NO_AUTO_VALUE_ON_ZERO' */;
/*!40111 SET @OLD_SQL_NOTES=@@SQL_NOTES, SQL_NOTES=0 */;

--
-- Table structure for table `announcements`
--

DROP TABLE IF EXISTS `announcements`;
/*!40101 SET @saved_cs_client     = @@character_set_client */;
/*!50503 SET character_set_client = utf8mb4 */;
CREATE TABLE `announcements` (
  `id` bigint unsigned NOT NULL AUTO_INCREMENT,
  `sender_id` bigint unsigned NOT NULL,
  `type` enum('announcement','message') COLLATE utf8mb4_unicode_ci NOT NULL DEFAULT 'announcement' COMMENT 'ประกาศ หรือข้อความ',
  `target_type` enum('class','student','all') COLLATE utf8mb4_unicode_ci NOT NULL DEFAULT 'class' COMMENT 'เป้าหมาย: class, student, all',
  `target_id` bigint unsigned DEFAULT NULL COMMENT 'ID ของเป้าหมาย',
  `subject` varchar(255) COLLATE utf8mb4_unicode_ci DEFAULT NULL,
  `message` longtext COLLATE utf8mb4_unicode_ci NOT NULL,
  `is_pinned` tinyint(1) NOT NULL DEFAULT '0' COMMENT 'ปักหมุด',
  `published_at` timestamp NULL DEFAULT NULL,
  `created_at` timestamp NULL DEFAULT NULL,
  `updated_at` timestamp NULL DEFAULT NULL,
  PRIMARY KEY (`id`),
  KEY `announcements_sender_id_index` (`sender_id`),
  KEY `announcements_target_type_target_id_index` (`target_type`,`target_id`),
  KEY `announcements_published_at_index` (`published_at`),
  CONSTRAINT `announcements_sender_id_foreign` FOREIGN KEY (`sender_id`) REFERENCES `users` (`id`) ON DELETE CASCADE
) ENGINE=InnoDB AUTO_INCREMENT=2 DEFAULT CHARSET=utf8mb4 COLLATE=utf8mb4_unicode_ci;
/*!40101 SET character_set_client = @saved_cs_client */;

--
-- Dumping data for table `announcements`
--

LOCK TABLES `announcements` WRITE;
/*!40000 ALTER TABLE `announcements` DISABLE KEYS */;
INSERT INTO `announcements` VALUES (1,1,'announcement','all',NULL,'kpkjoj','knksdfasf',0,'2026-02-23 22:44:28','2026-02-23 22:44:28','2026-02-23 22:44:28');
/*!40000 ALTER TABLE `announcements` ENABLE KEYS */;
UNLOCK TABLES;

--
-- Table structure for table `attendances`
--

DROP TABLE IF EXISTS `attendances`;
/*!40101 SET @saved_cs_client     = @@character_set_client */;
/*!50503 SET character_set_client = utf8mb4 */;
CREATE TABLE `attendances` (
  `id` bigint unsigned NOT NULL AUTO_INCREMENT,
  `student_id` bigint unsigned NOT NULL,
  `schedule_id` bigint unsigned NOT NULL,
  `subject_id` bigint unsigned NOT NULL,
  `attendance_date` date NOT NULL,
  `check_in_time` time DEFAULT NULL,
  `check_out_time` time DEFAULT NULL,
  `status` varchar(255) COLLATE utf8mb4_unicode_ci NOT NULL DEFAULT 'absent' COMMENT 'present, absent, late, excused',
  `recorded_by` bigint unsigned DEFAULT NULL,
  `notes` text COLLATE utf8mb4_unicode_ci COMMENT 'หมายเหตุ เช่น ลาป่วย ลากิจ',
  `created_at` timestamp NULL DEFAULT NULL,
  `updated_at` timestamp NULL DEFAULT NULL,
  PRIMARY KEY (`id`),
  UNIQUE KEY `attendances_student_id_schedule_id_attendance_date_unique` (`student_id`,`schedule_id`,`attendance_date`),
  KEY `attendances_subject_id_foreign` (`subject_id`),
  KEY `attendances_recorded_by_foreign` (`recorded_by`),
  KEY `attendances_student_id_attendance_date_index` (`student_id`,`attendance_date`),
  KEY `attendances_schedule_id_attendance_date_index` (`schedule_id`,`attendance_date`),
  CONSTRAINT `attendances_recorded_by_foreign` FOREIGN KEY (`recorded_by`) REFERENCES `users` (`id`) ON DELETE SET NULL,
  CONSTRAINT `attendances_schedule_id_foreign` FOREIGN KEY (`schedule_id`) REFERENCES `schedules` (`id`) ON DELETE CASCADE,
  CONSTRAINT `attendances_student_id_foreign` FOREIGN KEY (`student_id`) REFERENCES `users` (`id`) ON DELETE CASCADE,
  CONSTRAINT `attendances_subject_id_foreign` FOREIGN KEY (`subject_id`) REFERENCES `subjects` (`id`) ON DELETE CASCADE
) ENGINE=InnoDB AUTO_INCREMENT=601 DEFAULT CHARSET=utf8mb4 COLLATE=utf8mb4_unicode_ci;
/*!40101 SET character_set_client = @saved_cs_client */;

--
-- Dumping data for table `attendances`
--

LOCK TABLES `attendances` WRITE;
/*!40000 ALTER TABLE `attendances` DISABLE KEYS */;
INSERT INTO `attendances` VALUES (1,3,1,10,'2026-03-04','08:05:00',NULL,'present',1,NULL,'2026-03-13 11:38:09','2026-03-13 11:38:09'),(2,7,1,10,'2026-03-04','08:02:00',NULL,'present',1,NULL,'2026-03-13 11:38:09','2026-03-13 11:38:09'),(3,8,1,10,'2026-03-04',NULL,NULL,'absent',1,NULL,'2026-03-13 11:38:09','2026-03-13 11:38:09'),(4,15,1,10,'2026-03-04','08:02:00',NULL,'present',1,NULL,'2026-03-13 11:38:09','2026-03-13 11:38:09'),(5,6,2,10,'2026-03-04',NULL,NULL,'absent',1,NULL,'2026-03-13 11:38:09','2026-03-13 11:38:09'),(6,9,2,10,'2026-03-04','08:03:00',NULL,'present',1,NULL,'2026-03-13 11:38:09','2026-03-13 11:38:09'),(7,10,2,10,'2026-03-04','08:21:00',NULL,'late',1,NULL,'2026-03-13 11:38:09','2026-03-13 11:38:09'),(8,11,2,10,'2026-03-04','08:01:00',NULL,'present',1,NULL,'2026-03-13 11:38:09','2026-03-13 11:38:09'),(9,16,2,10,'2026-03-04','08:00:00',NULL,'present',1,NULL,'2026-03-13 11:38:09','2026-03-13 11:38:09'),(10,12,3,10,'2026-03-04','08:02:00',NULL,'present',1,NULL,'2026-03-13 11:38:09','2026-03-13 11:38:09'),(11,13,3,10,'2026-03-04',NULL,NULL,'excused',1,NULL,'2026-03-13 11:38:09','2026-03-13 11:38:09'),(12,14,3,10,'2026-03-04','08:18:00',NULL,'late',1,NULL,'2026-03-13 11:38:09','2026-03-13 11:38:09'),(13,3,4,11,'2026-03-04',NULL,NULL,'excused',1,NULL,'2026-03-13 11:38:09','2026-03-13 11:38:09'),(14,7,4,11,'2026-03-04','09:35:00',NULL,'present',1,NULL,'2026-03-13 11:38:09','2026-03-13 11:38:09'),(15,8,4,11,'2026-03-04','09:34:00',NULL,'present',1,NULL,'2026-03-13 11:38:09','2026-03-13 11:38:09'),(16,15,4,11,'2026-03-04','09:33:00',NULL,'present',1,NULL,'2026-03-13 11:38:09','2026-03-13 11:38:09'),(17,6,5,11,'2026-03-04','10:00:00',NULL,'late',1,NULL,'2026-03-13 11:38:09','2026-03-13 11:38:09'),(18,9,5,11,'2026-03-04','09:35:00',NULL,'present',1,NULL,'2026-03-13 11:38:09','2026-03-13 11:38:09'),(19,10,5,11,'2026-03-04',NULL,NULL,'absent',1,NULL,'2026-03-13 11:38:09','2026-03-13 11:38:09'),(20,11,5,11,'2026-03-04','09:31:00',NULL,'present',1,NULL,'2026-03-13 11:38:09','2026-03-13 11:38:09'),(21,16,5,11,'2026-03-04',NULL,NULL,'excused',1,NULL,'2026-03-13 11:38:09','2026-03-13 11:38:09'),(22,12,6,11,'2026-03-04',NULL,NULL,'absent',1,NULL,'2026-03-13 11:38:10','2026-03-13 11:38:10'),(23,13,6,11,'2026-03-04',NULL,NULL,'excused',1,NULL,'2026-03-13 11:38:10','2026-03-13 11:38:10'),(24,14,6,11,'2026-03-04','09:30:00',NULL,'present',1,NULL,'2026-03-13 11:38:10','2026-03-13 11:38:10'),(25,3,7,12,'2026-03-04',NULL,NULL,'absent',4,NULL,'2026-03-13 11:38:10','2026-03-13 11:38:10'),(26,7,7,12,'2026-03-04','11:05:00',NULL,'present',4,NULL,'2026-03-13 11:38:10','2026-03-13 11:38:10'),(27,8,7,12,'2026-03-04','11:04:00',NULL,'present',4,NULL,'2026-03-13 11:38:10','2026-03-13 11:38:10'),(28,15,7,12,'2026-03-04','11:00:00',NULL,'present',4,NULL,'2026-03-13 11:38:10','2026-03-13 11:38:10'),(29,6,8,12,'2026-03-04',NULL,NULL,'excused',4,NULL,'2026-03-13 11:38:10','2026-03-13 11:38:10'),(30,9,8,12,'2026-03-04','11:03:00',NULL,'present',4,NULL,'2026-03-13 11:38:10','2026-03-13 11:38:10'),(31,10,8,12,'2026-03-04','11:26:00',NULL,'late',4,NULL,'2026-03-13 11:38:10','2026-03-13 11:38:10'),(32,11,8,12,'2026-03-04','11:05:00',NULL,'present',4,NULL,'2026-03-13 11:38:10','2026-03-13 11:38:10'),(33,16,8,12,'2026-03-04','11:05:00',NULL,'present',4,NULL,'2026-03-13 11:38:10','2026-03-13 11:38:10'),(34,12,9,12,'2026-03-04','11:22:00',NULL,'late',4,NULL,'2026-03-13 11:38:10','2026-03-13 11:38:10'),(35,13,9,12,'2026-03-04','11:05:00',NULL,'present',4,NULL,'2026-03-13 11:38:10','2026-03-13 11:38:10'),(36,14,9,12,'2026-03-04',NULL,NULL,'excused',4,NULL,'2026-03-13 11:38:10','2026-03-13 11:38:10'),(37,3,10,13,'2026-03-04',NULL,NULL,'absent',1,NULL,'2026-03-13 11:38:10','2026-03-13 11:38:10'),(38,7,10,13,'2026-03-04','13:00:00',NULL,'present',1,NULL,'2026-03-13 11:38:10','2026-03-13 11:38:10'),(39,8,10,13,'2026-03-04',NULL,NULL,'absent',1,NULL,'2026-03-13 11:38:10','2026-03-13 11:38:10'),(40,15,10,13,'2026-03-04','13:01:00',NULL,'present',1,NULL,'2026-03-13 11:38:10','2026-03-13 11:38:10'),(41,6,11,13,'2026-03-04',NULL,NULL,'absent',1,NULL,'2026-03-13 11:38:10','2026-03-13 11:38:10'),(42,9,11,13,'2026-03-04','13:24:00',NULL,'late',1,NULL,'2026-03-13 11:38:10','2026-03-13 11:38:10'),(43,10,11,13,'2026-03-04','13:05:00',NULL,'present',1,NULL,'2026-03-13 11:38:10','2026-03-13 11:38:10'),(44,11,11,13,'2026-03-04','13:05:00',NULL,'present',1,NULL,'2026-03-13 11:38:10','2026-03-13 11:38:10'),(45,16,11,13,'2026-03-04','13:02:00',NULL,'present',1,NULL,'2026-03-13 11:38:10','2026-03-13 11:38:10'),(46,12,12,13,'2026-03-04',NULL,NULL,'excused',1,NULL,'2026-03-13 11:38:10','2026-03-13 11:38:10'),(47,13,12,13,'2026-03-04','13:01:00',NULL,'present',1,NULL,'2026-03-13 11:38:10','2026-03-13 11:38:10'),(48,14,12,13,'2026-03-04','13:05:00',NULL,'present',1,NULL,'2026-03-13 11:38:10','2026-03-13 11:38:10'),(49,3,13,14,'2026-03-04',NULL,NULL,'absent',5,NULL,'2026-03-13 11:38:10','2026-03-13 11:38:10'),(50,7,13,14,'2026-03-04','14:34:00',NULL,'present',5,NULL,'2026-03-13 11:38:10','2026-03-13 11:38:10'),(51,8,13,14,'2026-03-04','14:32:00',NULL,'present',5,NULL,'2026-03-13 11:38:10','2026-03-13 11:38:10'),(52,15,13,14,'2026-03-04','14:31:00',NULL,'present',5,NULL,'2026-03-13 11:38:10','2026-03-13 11:38:10'),(53,6,14,14,'2026-03-04','14:46:00',NULL,'late',5,NULL,'2026-03-13 11:38:10','2026-03-13 11:38:10'),(54,9,14,14,'2026-03-04','14:35:00',NULL,'present',5,NULL,'2026-03-13 11:38:10','2026-03-13 11:38:10'),(55,10,14,14,'2026-03-04','14:35:00',NULL,'present',5,NULL,'2026-03-13 11:38:10','2026-03-13 11:38:10'),(56,11,14,14,'2026-03-04','14:30:00',NULL,'present',5,NULL,'2026-03-13 11:38:10','2026-03-13 11:38:10'),(57,16,14,14,'2026-03-04','14:35:00',NULL,'present',5,NULL,'2026-03-13 11:38:10','2026-03-13 11:38:10'),(58,12,15,14,'2026-03-04',NULL,NULL,'excused',5,NULL,'2026-03-13 11:38:10','2026-03-13 11:38:10'),(59,13,15,14,'2026-03-04','14:34:00',NULL,'present',5,NULL,'2026-03-13 11:38:10','2026-03-13 11:38:10'),(60,14,15,14,'2026-03-04','14:35:00',NULL,'present',5,NULL,'2026-03-13 11:38:10','2026-03-13 11:38:10'),(61,3,16,15,'2026-03-04','08:03:00',NULL,'present',5,NULL,'2026-03-13 11:38:10','2026-03-13 11:38:10'),(62,7,16,15,'2026-03-04',NULL,NULL,'absent',5,NULL,'2026-03-13 11:38:10','2026-03-13 11:38:10'),(63,8,16,15,'2026-03-04','08:05:00',NULL,'present',5,NULL,'2026-03-13 11:38:10','2026-03-13 11:38:10'),(64,15,16,15,'2026-03-04',NULL,NULL,'excused',5,NULL,'2026-03-13 11:38:10','2026-03-13 11:38:10'),(65,6,17,15,'2026-03-04','08:00:00',NULL,'present',5,NULL,'2026-03-13 11:38:10','2026-03-13 11:38:10'),(66,9,17,15,'2026-03-04','08:03:00',NULL,'present',5,NULL,'2026-03-13 11:38:10','2026-03-13 11:38:10'),(67,10,17,15,'2026-03-04',NULL,NULL,'excused',5,NULL,'2026-03-13 11:38:10','2026-03-13 11:38:10'),(68,11,17,15,'2026-03-04','08:05:00',NULL,'present',5,NULL,'2026-03-13 11:38:10','2026-03-13 11:38:10'),(69,16,17,15,'2026-03-04','08:16:00',NULL,'late',5,NULL,'2026-03-13 11:38:10','2026-03-13 11:38:10'),(70,12,18,15,'2026-03-04',NULL,NULL,'excused',5,NULL,'2026-03-13 11:38:10','2026-03-13 11:38:10'),(71,13,18,15,'2026-03-04','08:01:00',NULL,'present',5,NULL,'2026-03-13 11:38:10','2026-03-13 11:38:10'),(72,14,18,15,'2026-03-04','08:00:00',NULL,'present',5,NULL,'2026-03-13 11:38:10','2026-03-13 11:38:10'),(73,3,19,16,'2026-03-04','09:31:00',NULL,'present',1,NULL,'2026-03-13 11:38:10','2026-03-13 11:38:10'),(74,7,19,16,'2026-03-04','09:32:00',NULL,'present',1,NULL,'2026-03-13 11:38:10','2026-03-13 11:38:10'),(75,8,19,16,'2026-03-04',NULL,NULL,'excused',1,NULL,'2026-03-13 11:38:10','2026-03-13 11:38:10'),(76,15,19,16,'2026-03-04',NULL,NULL,'excused',1,NULL,'2026-03-13 11:38:10','2026-03-13 11:38:10'),(77,6,20,16,'2026-03-04','09:31:00',NULL,'present',1,NULL,'2026-03-13 11:38:10','2026-03-13 11:38:10'),(78,9,20,16,'2026-03-04','09:30:00',NULL,'present',1,NULL,'2026-03-13 11:38:10','2026-03-13 11:38:10'),(79,10,20,16,'2026-03-04',NULL,NULL,'excused',1,NULL,'2026-03-13 11:38:10','2026-03-13 11:38:10'),(80,11,20,16,'2026-03-04','09:31:00',NULL,'present',1,NULL,'2026-03-13 11:38:10','2026-03-13 11:38:10'),(81,16,20,16,'2026-03-04','09:34:00',NULL,'present',1,NULL,'2026-03-13 11:38:10','2026-03-13 11:38:10'),(82,12,21,16,'2026-03-04','09:30:00',NULL,'present',1,NULL,'2026-03-13 11:38:10','2026-03-13 11:38:10'),(83,13,21,16,'2026-03-04','09:34:00',NULL,'present',1,NULL,'2026-03-13 11:38:10','2026-03-13 11:38:10'),(84,14,21,16,'2026-03-04',NULL,NULL,'absent',1,NULL,'2026-03-13 11:38:10','2026-03-13 11:38:10'),(85,3,1,10,'2026-03-05',NULL,NULL,'excused',1,NULL,'2026-03-13 11:38:10','2026-03-13 11:38:10'),(86,7,1,10,'2026-03-05','08:03:00',NULL,'present',1,NULL,'2026-03-13 11:38:10','2026-03-13 11:38:10'),(87,8,1,10,'2026-03-05','08:11:00',NULL,'late',1,NULL,'2026-03-13 11:38:10','2026-03-13 11:38:10'),(88,15,1,10,'2026-03-05',NULL,NULL,'excused',1,NULL,'2026-03-13 11:38:10','2026-03-13 11:38:10'),(89,6,2,10,'2026-03-05','08:00:00',NULL,'present',1,NULL,'2026-03-13 11:38:10','2026-03-13 11:38:10'),(90,9,2,10,'2026-03-05','08:03:00',NULL,'present',1,NULL,'2026-03-13 11:38:10','2026-03-13 11:38:10'),(91,10,2,10,'2026-03-05','08:04:00',NULL,'present',1,NULL,'2026-03-13 11:38:10','2026-03-13 11:38:10'),(92,11,2,10,'2026-03-05',NULL,NULL,'excused',1,NULL,'2026-03-13 11:38:10','2026-03-13 11:38:10'),(93,16,2,10,'2026-03-05','08:05:00',NULL,'present',1,NULL,'2026-03-13 11:38:10','2026-03-13 11:38:10'),(94,12,3,10,'2026-03-05','08:02:00',NULL,'present',1,NULL,'2026-03-13 11:38:10','2026-03-13 11:38:10'),(95,13,3,10,'2026-03-05','08:01:00',NULL,'present',1,NULL,'2026-03-13 11:38:10','2026-03-13 11:38:10'),(96,14,3,10,'2026-03-05','08:01:00',NULL,'present',1,NULL,'2026-03-13 11:38:10','2026-03-13 11:38:10'),(97,3,4,11,'2026-03-05','09:31:00',NULL,'present',1,NULL,'2026-03-13 11:38:10','2026-03-13 11:38:10'),(98,7,4,11,'2026-03-05','09:30:00',NULL,'present',1,NULL,'2026-03-13 11:38:10','2026-03-13 11:38:10'),(99,8,4,11,'2026-03-05','09:48:00',NULL,'late',1,NULL,'2026-03-13 11:38:10','2026-03-13 11:38:10'),(100,15,4,11,'2026-03-05','09:32:00',NULL,'present',1,NULL,'2026-03-13 11:38:10','2026-03-13 11:38:10'),(101,6,5,11,'2026-03-05','09:34:00',NULL,'present',1,NULL,'2026-03-13 11:38:10','2026-03-13 11:38:10'),(102,9,5,11,'2026-03-05','09:33:00',NULL,'present',1,NULL,'2026-03-13 11:38:10','2026-03-13 11:38:10'),(103,10,5,11,'2026-03-05','09:30:00',NULL,'present',1,NULL,'2026-03-13 11:38:10','2026-03-13 11:38:10'),(104,11,5,11,'2026-03-05',NULL,NULL,'absent',1,NULL,'2026-03-13 11:38:10','2026-03-13 11:38:10'),(105,16,5,11,'2026-03-05','09:30:00',NULL,'present',1,NULL,'2026-03-13 11:38:10','2026-03-13 11:38:10'),(106,12,6,11,'2026-03-05','09:32:00',NULL,'present',1,NULL,'2026-03-13 11:38:10','2026-03-13 11:38:10'),(107,13,6,11,'2026-03-05','09:30:00',NULL,'present',1,NULL,'2026-03-13 11:38:10','2026-03-13 11:38:10'),(108,14,6,11,'2026-03-05','09:32:00',NULL,'present',1,NULL,'2026-03-13 11:38:10','2026-03-13 11:38:10'),(109,3,7,12,'2026-03-05',NULL,NULL,'absent',4,NULL,'2026-03-13 11:38:10','2026-03-13 11:38:10'),(110,7,7,12,'2026-03-05','11:02:00',NULL,'present',4,NULL,'2026-03-13 11:38:10','2026-03-13 11:38:10'),(111,8,7,12,'2026-03-05',NULL,NULL,'excused',4,NULL,'2026-03-13 11:38:10','2026-03-13 11:38:10'),(112,15,7,12,'2026-03-05','11:23:00',NULL,'late',4,NULL,'2026-03-13 11:38:10','2026-03-13 11:38:10'),(113,6,8,12,'2026-03-05','11:04:00',NULL,'present',4,NULL,'2026-03-13 11:38:10','2026-03-13 11:38:10'),(114,9,8,12,'2026-03-05',NULL,NULL,'absent',4,NULL,'2026-03-13 11:38:10','2026-03-13 11:38:10'),(115,10,8,12,'2026-03-05','11:05:00',NULL,'present',4,NULL,'2026-03-13 11:38:10','2026-03-13 11:38:10'),(116,11,8,12,'2026-03-05',NULL,NULL,'excused',4,NULL,'2026-03-13 11:38:10','2026-03-13 11:38:10'),(117,16,8,12,'2026-03-05','11:03:00',NULL,'present',4,NULL,'2026-03-13 11:38:10','2026-03-13 11:38:10'),(118,12,9,12,'2026-03-05','11:17:00',NULL,'late',4,NULL,'2026-03-13 11:38:10','2026-03-13 11:38:10'),(119,13,9,12,'2026-03-05','11:20:00',NULL,'late',4,NULL,'2026-03-13 11:38:10','2026-03-13 11:38:10'),(120,14,9,12,'2026-03-05','11:02:00',NULL,'present',4,NULL,'2026-03-13 11:38:10','2026-03-13 11:38:10'),(121,3,10,13,'2026-03-05','13:00:00',NULL,'present',1,NULL,'2026-03-13 11:38:10','2026-03-13 11:38:10'),(122,7,10,13,'2026-03-05','13:02:00',NULL,'present',1,NULL,'2026-03-13 11:38:10','2026-03-13 11:38:10'),(123,8,10,13,'2026-03-05',NULL,NULL,'absent',1,NULL,'2026-03-13 11:38:10','2026-03-13 11:38:10'),(124,15,10,13,'2026-03-05',NULL,NULL,'absent',1,NULL,'2026-03-13 11:38:10','2026-03-13 11:38:10'),(125,6,11,13,'2026-03-05','13:00:00',NULL,'present',1,NULL,'2026-03-13 11:38:10','2026-03-13 11:38:10'),(126,9,11,13,'2026-03-05',NULL,NULL,'absent',1,NULL,'2026-03-13 11:38:10','2026-03-13 11:38:10'),(127,10,11,13,'2026-03-05','13:20:00',NULL,'late',1,NULL,'2026-03-13 11:38:10','2026-03-13 11:38:10'),(128,11,11,13,'2026-03-05','13:01:00',NULL,'present',1,NULL,'2026-03-13 11:38:10','2026-03-13 11:38:10'),(129,16,11,13,'2026-03-05','13:01:00',NULL,'present',1,NULL,'2026-03-13 11:38:10','2026-03-13 11:38:10'),(130,12,12,13,'2026-03-05','13:03:00',NULL,'present',1,NULL,'2026-03-13 11:38:10','2026-03-13 11:38:10'),(131,13,12,13,'2026-03-05',NULL,NULL,'absent',1,NULL,'2026-03-13 11:38:10','2026-03-13 11:38:10'),(132,14,12,13,'2026-03-05',NULL,NULL,'excused',1,NULL,'2026-03-13 11:38:10','2026-03-13 11:38:10'),(133,3,13,14,'2026-03-05',NULL,NULL,'absent',5,NULL,'2026-03-13 11:38:10','2026-03-13 11:38:10'),(134,7,13,14,'2026-03-05',NULL,NULL,'excused',5,NULL,'2026-03-13 11:38:10','2026-03-13 11:38:10'),(135,8,13,14,'2026-03-05','14:35:00',NULL,'present',5,NULL,'2026-03-13 11:38:10','2026-03-13 11:38:10'),(136,15,13,14,'2026-03-05','14:34:00',NULL,'present',5,NULL,'2026-03-13 11:38:10','2026-03-13 11:38:10'),(137,6,14,14,'2026-03-05','14:35:00',NULL,'present',5,NULL,'2026-03-13 11:38:10','2026-03-13 11:38:10'),(138,9,14,14,'2026-03-05','14:30:00',NULL,'present',5,NULL,'2026-03-13 11:38:10','2026-03-13 11:38:10'),(139,10,14,14,'2026-03-05',NULL,NULL,'absent',5,NULL,'2026-03-13 11:38:10','2026-03-13 11:38:10'),(140,11,14,14,'2026-03-05','14:53:00',NULL,'late',5,NULL,'2026-03-13 11:38:10','2026-03-13 11:38:10'),(141,16,14,14,'2026-03-05','14:30:00',NULL,'present',5,NULL,'2026-03-13 11:38:10','2026-03-13 11:38:10'),(142,12,15,14,'2026-03-05','14:31:00',NULL,'present',5,NULL,'2026-03-13 11:38:10','2026-03-13 11:38:10'),(143,13,15,14,'2026-03-05',NULL,NULL,'absent',5,NULL,'2026-03-13 11:38:10','2026-03-13 11:38:10'),(144,14,15,14,'2026-03-05','14:35:00',NULL,'present',5,NULL,'2026-03-13 11:38:10','2026-03-13 11:38:10'),(145,3,16,15,'2026-03-05','08:00:00',NULL,'present',5,NULL,'2026-03-13 11:38:10','2026-03-13 11:38:10'),(146,7,16,15,'2026-03-05','08:17:00',NULL,'late',5,NULL,'2026-03-13 11:38:10','2026-03-13 11:38:10'),(147,8,16,15,'2026-03-05','08:00:00',NULL,'present',5,NULL,'2026-03-13 11:38:10','2026-03-13 11:38:10'),(148,15,16,15,'2026-03-05','08:03:00',NULL,'present',5,NULL,'2026-03-13 11:38:10','2026-03-13 11:38:10'),(149,6,17,15,'2026-03-05',NULL,NULL,'excused',5,NULL,'2026-03-13 11:38:10','2026-03-13 11:38:10'),(150,9,17,15,'2026-03-05','08:05:00',NULL,'present',5,NULL,'2026-03-13 11:38:10','2026-03-13 11:38:10'),(151,10,17,15,'2026-03-05',NULL,NULL,'excused',5,NULL,'2026-03-13 11:38:10','2026-03-13 11:38:10'),(152,11,17,15,'2026-03-05','08:00:00',NULL,'present',5,NULL,'2026-03-13 11:38:10','2026-03-13 11:38:10'),(153,16,17,15,'2026-03-05','08:04:00',NULL,'present',5,NULL,'2026-03-13 11:38:10','2026-03-13 11:38:10'),(154,12,18,15,'2026-03-05','08:02:00',NULL,'present',5,NULL,'2026-03-13 11:38:10','2026-03-13 11:38:10'),(155,13,18,15,'2026-03-05',NULL,NULL,'excused',5,NULL,'2026-03-13 11:38:10','2026-03-13 11:38:10'),(156,14,18,15,'2026-03-05','08:00:00',NULL,'present',5,NULL,'2026-03-13 11:38:10','2026-03-13 11:38:10'),(157,3,19,16,'2026-03-05','09:51:00',NULL,'late',1,NULL,'2026-03-13 11:38:10','2026-03-13 11:38:10'),(158,7,19,16,'2026-03-05','09:33:00',NULL,'present',1,NULL,'2026-03-13 11:38:10','2026-03-13 11:38:10'),(159,8,19,16,'2026-03-05','09:32:00',NULL,'present',1,NULL,'2026-03-13 11:38:10','2026-03-13 11:38:10'),(160,15,19,16,'2026-03-05','09:35:00',NULL,'present',1,NULL,'2026-03-13 11:38:10','2026-03-13 11:38:10'),(161,6,20,16,'2026-03-05','09:35:00',NULL,'present',1,NULL,'2026-03-13 11:38:10','2026-03-13 11:38:10'),(162,9,20,16,'2026-03-05','09:31:00',NULL,'present',1,NULL,'2026-03-13 11:38:10','2026-03-13 11:38:10'),(163,10,20,16,'2026-03-05','09:56:00',NULL,'late',1,NULL,'2026-03-13 11:38:10','2026-03-13 11:38:10'),(164,11,20,16,'2026-03-05','09:31:00',NULL,'present',1,NULL,'2026-03-13 11:38:10','2026-03-13 11:38:10'),(165,16,20,16,'2026-03-05',NULL,NULL,'excused',1,NULL,'2026-03-13 11:38:10','2026-03-13 11:38:10'),(166,12,21,16,'2026-03-05','09:30:00',NULL,'present',1,NULL,'2026-03-13 11:38:10','2026-03-13 11:38:10'),(167,13,21,16,'2026-03-05','09:30:00',NULL,'present',1,NULL,'2026-03-13 11:38:10','2026-03-13 11:38:10'),(168,14,21,16,'2026-03-05','09:35:00',NULL,'present',1,NULL,'2026-03-13 11:38:10','2026-03-13 11:38:10'),(169,3,1,10,'2026-03-06','08:05:00',NULL,'present',1,NULL,'2026-03-13 11:38:10','2026-03-13 11:38:10'),(170,7,1,10,'2026-03-06',NULL,NULL,'absent',1,NULL,'2026-03-13 11:38:10','2026-03-13 11:38:10'),(171,8,1,10,'2026-03-06','08:12:00',NULL,'late',1,NULL,'2026-03-13 11:38:10','2026-03-13 11:38:10'),(172,15,1,10,'2026-03-06','08:25:00',NULL,'late',1,NULL,'2026-03-13 11:38:10','2026-03-13 11:38:10'),(173,6,2,10,'2026-03-06',NULL,NULL,'excused',1,NULL,'2026-03-13 11:38:10','2026-03-13 11:38:10'),(174,9,2,10,'2026-03-06','08:00:00',NULL,'present',1,NULL,'2026-03-13 11:38:10','2026-03-13 11:38:10'),(175,10,2,10,'2026-03-06','08:04:00',NULL,'present',1,NULL,'2026-03-13 11:38:10','2026-03-13 11:38:10'),(176,11,2,10,'2026-03-06',NULL,NULL,'absent',1,NULL,'2026-03-13 11:38:10','2026-03-13 11:38:10'),(177,16,2,10,'2026-03-06','08:04:00',NULL,'present',1,NULL,'2026-03-13 11:38:10','2026-03-13 11:38:10'),(178,12,3,10,'2026-03-06','08:03:00',NULL,'present',1,NULL,'2026-03-13 11:38:10','2026-03-13 11:38:10'),(179,13,3,10,'2026-03-06','08:05:00',NULL,'present',1,NULL,'2026-03-13 11:38:10','2026-03-13 11:38:10'),(180,14,3,10,'2026-03-06','08:05:00',NULL,'present',1,NULL,'2026-03-13 11:38:10','2026-03-13 11:38:10'),(181,3,4,11,'2026-03-06',NULL,NULL,'excused',1,NULL,'2026-03-13 11:38:10','2026-03-13 11:38:10'),(182,7,4,11,'2026-03-06',NULL,NULL,'excused',1,NULL,'2026-03-13 11:38:10','2026-03-13 11:38:10'),(183,8,4,11,'2026-03-06','09:30:00',NULL,'present',1,NULL,'2026-03-13 11:38:10','2026-03-13 11:38:10'),(184,15,4,11,'2026-03-06','09:52:00',NULL,'late',1,NULL,'2026-03-13 11:38:10','2026-03-13 11:38:10'),(185,6,5,11,'2026-03-06',NULL,NULL,'excused',1,NULL,'2026-03-13 11:38:10','2026-03-13 11:38:10'),(186,9,5,11,'2026-03-06','09:33:00',NULL,'present',1,NULL,'2026-03-13 11:38:10','2026-03-13 11:38:10'),(187,10,5,11,'2026-03-06','09:31:00',NULL,'present',1,NULL,'2026-03-13 11:38:10','2026-03-13 11:38:10'),(188,11,5,11,'2026-03-06',NULL,NULL,'absent',1,NULL,'2026-03-13 11:38:10','2026-03-13 11:38:10'),(189,16,5,11,'2026-03-06','09:33:00',NULL,'present',1,NULL,'2026-03-13 11:38:10','2026-03-13 11:38:10'),(190,12,6,11,'2026-03-06',NULL,NULL,'excused',1,NULL,'2026-03-13 11:38:10','2026-03-13 11:38:10'),(191,13,6,11,'2026-03-06','09:34:00',NULL,'present',1,NULL,'2026-03-13 11:38:10','2026-03-13 11:38:10'),(192,14,6,11,'2026-03-06','09:30:00',NULL,'present',1,NULL,'2026-03-13 11:38:10','2026-03-13 11:38:10'),(193,3,7,12,'2026-03-06','11:03:00',NULL,'present',4,NULL,'2026-03-13 11:38:10','2026-03-13 11:38:10'),(194,7,7,12,'2026-03-06','11:04:00',NULL,'present',4,NULL,'2026-03-13 11:38:10','2026-03-13 11:38:10'),(195,8,7,12,'2026-03-06',NULL,NULL,'excused',4,NULL,'2026-03-13 11:38:10','2026-03-13 11:38:10'),(196,15,7,12,'2026-03-06',NULL,NULL,'absent',4,NULL,'2026-03-13 11:38:10','2026-03-13 11:38:10'),(197,6,8,12,'2026-03-06',NULL,NULL,'excused',4,NULL,'2026-03-13 11:38:10','2026-03-13 11:38:10'),(198,9,8,12,'2026-03-06','11:02:00',NULL,'present',4,NULL,'2026-03-13 11:38:10','2026-03-13 11:38:10'),(199,10,8,12,'2026-03-06',NULL,NULL,'absent',4,NULL,'2026-03-13 11:38:10','2026-03-13 11:38:10'),(200,11,8,12,'2026-03-06',NULL,NULL,'excused',4,NULL,'2026-03-13 11:38:10','2026-03-13 11:38:10'),(201,16,8,12,'2026-03-06','11:05:00',NULL,'present',4,NULL,'2026-03-13 11:38:10','2026-03-13 11:38:10'),(202,12,9,12,'2026-03-06',NULL,NULL,'excused',4,NULL,'2026-03-13 11:38:10','2026-03-13 11:38:10'),(203,13,9,12,'2026-03-06','11:01:00',NULL,'present',4,NULL,'2026-03-13 11:38:10','2026-03-13 11:38:10'),(204,14,9,12,'2026-03-06',NULL,NULL,'excused',4,NULL,'2026-03-13 11:38:10','2026-03-13 11:38:10'),(205,3,10,13,'2026-03-06','13:03:00',NULL,'present',1,NULL,'2026-03-13 11:38:10','2026-03-13 11:38:10'),(206,7,10,13,'2026-03-06','13:03:00',NULL,'present',1,NULL,'2026-03-13 11:38:10','2026-03-13 11:38:10'),(207,8,10,13,'2026-03-06','13:02:00',NULL,'present',1,NULL,'2026-03-13 11:38:10','2026-03-13 11:38:10'),(208,15,10,13,'2026-03-06',NULL,NULL,'absent',1,NULL,'2026-03-13 11:38:10','2026-03-13 11:38:10'),(209,6,11,13,'2026-03-06','13:12:00',NULL,'late',1,NULL,'2026-03-13 11:38:10','2026-03-13 11:38:10'),(210,9,11,13,'2026-03-06','13:00:00',NULL,'present',1,NULL,'2026-03-13 11:38:10','2026-03-13 11:38:10'),(211,10,11,13,'2026-03-06','13:01:00',NULL,'present',1,NULL,'2026-03-13 11:38:10','2026-03-13 11:38:10'),(212,11,11,13,'2026-03-06','13:00:00',NULL,'present',1,NULL,'2026-03-13 11:38:10','2026-03-13 11:38:10'),(213,16,11,13,'2026-03-06','13:03:00',NULL,'present',1,NULL,'2026-03-13 11:38:10','2026-03-13 11:38:10'),(214,12,12,13,'2026-03-06',NULL,NULL,'absent',1,NULL,'2026-03-13 11:38:10','2026-03-13 11:38:10'),(215,13,12,13,'2026-03-06','13:00:00',NULL,'present',1,NULL,'2026-03-13 11:38:10','2026-03-13 11:38:10'),(216,14,12,13,'2026-03-06',NULL,NULL,'excused',1,NULL,'2026-03-13 11:38:10','2026-03-13 11:38:10'),(217,3,13,14,'2026-03-06',NULL,NULL,'absent',5,NULL,'2026-03-13 11:38:10','2026-03-13 11:38:10'),(218,7,13,14,'2026-03-06',NULL,NULL,'absent',5,NULL,'2026-03-13 11:38:10','2026-03-13 11:38:10'),(219,8,13,14,'2026-03-06',NULL,NULL,'absent',5,NULL,'2026-03-13 11:38:11','2026-03-13 11:38:11'),(220,15,13,14,'2026-03-06','14:54:00',NULL,'late',5,NULL,'2026-03-13 11:38:11','2026-03-13 11:38:11'),(221,6,14,14,'2026-03-06','14:33:00',NULL,'present',5,NULL,'2026-03-13 11:38:11','2026-03-13 11:38:11'),(222,9,14,14,'2026-03-06','14:35:00',NULL,'present',5,NULL,'2026-03-13 11:38:11','2026-03-13 11:38:11'),(223,10,14,14,'2026-03-06','14:53:00',NULL,'late',5,NULL,'2026-03-13 11:38:11','2026-03-13 11:38:11'),(224,11,14,14,'2026-03-06','14:32:00',NULL,'present',5,NULL,'2026-03-13 11:38:11','2026-03-13 11:38:11'),(225,16,14,14,'2026-03-06','14:34:00',NULL,'present',5,NULL,'2026-03-13 11:38:11','2026-03-13 11:38:11'),(226,12,15,14,'2026-03-06','14:35:00',NULL,'present',5,NULL,'2026-03-13 11:38:11','2026-03-13 11:38:11'),(227,13,15,14,'2026-03-06',NULL,NULL,'excused',5,NULL,'2026-03-13 11:38:11','2026-03-13 11:38:11'),(228,14,15,14,'2026-03-06','14:33:00',NULL,'present',5,NULL,'2026-03-13 11:38:11','2026-03-13 11:38:11'),(229,3,16,15,'2026-03-06','08:01:00',NULL,'present',5,NULL,'2026-03-13 11:38:11','2026-03-13 11:38:11'),(230,7,16,15,'2026-03-06',NULL,NULL,'absent',5,NULL,'2026-03-13 11:38:11','2026-03-13 11:38:11'),(231,8,16,15,'2026-03-06','08:03:00',NULL,'present',5,NULL,'2026-03-13 11:38:11','2026-03-13 11:38:11'),(232,15,16,15,'2026-03-06','08:02:00',NULL,'present',5,NULL,'2026-03-13 11:38:11','2026-03-13 11:38:11'),(233,6,17,15,'2026-03-06','08:01:00',NULL,'present',5,NULL,'2026-03-13 11:38:11','2026-03-13 11:38:11'),(234,9,17,15,'2026-03-06','08:01:00',NULL,'present',5,NULL,'2026-03-13 11:38:11','2026-03-13 11:38:11'),(235,10,17,15,'2026-03-06','08:02:00',NULL,'present',5,NULL,'2026-03-13 11:38:11','2026-03-13 11:38:11'),(236,11,17,15,'2026-03-06','08:02:00',NULL,'present',5,NULL,'2026-03-13 11:38:11','2026-03-13 11:38:11'),(237,16,17,15,'2026-03-06','08:01:00',NULL,'present',5,NULL,'2026-03-13 11:38:11','2026-03-13 11:38:11'),(238,12,18,15,'2026-03-06','08:01:00',NULL,'present',5,NULL,'2026-03-13 11:38:11','2026-03-13 11:38:11'),(239,13,18,15,'2026-03-06','08:03:00',NULL,'present',5,NULL,'2026-03-13 11:38:11','2026-03-13 11:38:11'),(240,14,18,15,'2026-03-06',NULL,NULL,'excused',5,NULL,'2026-03-13 11:38:11','2026-03-13 11:38:11'),(241,3,19,16,'2026-03-06','09:33:00',NULL,'present',1,NULL,'2026-03-13 11:38:11','2026-03-13 11:38:11'),(242,7,19,16,'2026-03-06',NULL,NULL,'excused',1,NULL,'2026-03-13 11:38:11','2026-03-13 11:38:11'),(243,8,19,16,'2026-03-06',NULL,NULL,'absent',1,NULL,'2026-03-13 11:38:11','2026-03-13 11:38:11'),(244,15,19,16,'2026-03-06','09:32:00',NULL,'present',1,NULL,'2026-03-13 11:38:11','2026-03-13 11:38:11'),(245,6,20,16,'2026-03-06',NULL,NULL,'absent',1,NULL,'2026-03-13 11:38:11','2026-03-13 11:38:11'),(246,9,20,16,'2026-03-06',NULL,NULL,'excused',1,NULL,'2026-03-13 11:38:11','2026-03-13 11:38:11'),(247,10,20,16,'2026-03-06',NULL,NULL,'excused',1,NULL,'2026-03-13 11:38:11','2026-03-13 11:38:11'),(248,11,20,16,'2026-03-06','09:35:00',NULL,'present',1,NULL,'2026-03-13 11:38:11','2026-03-13 11:38:11'),(249,16,20,16,'2026-03-06',NULL,NULL,'excused',1,NULL,'2026-03-13 11:38:11','2026-03-13 11:38:11'),(250,12,21,16,'2026-03-06',NULL,NULL,'absent',1,NULL,'2026-03-13 11:38:11','2026-03-13 11:38:11'),(251,13,21,16,'2026-03-06','09:33:00',NULL,'present',1,NULL,'2026-03-13 11:38:11','2026-03-13 11:38:11'),(252,14,21,16,'2026-03-06','09:32:00',NULL,'present',1,NULL,'2026-03-13 11:38:11','2026-03-13 11:38:11'),(253,3,1,10,'2026-03-09','08:02:00',NULL,'present',1,NULL,'2026-03-13 11:38:11','2026-03-13 11:38:11'),(254,7,1,10,'2026-03-09','08:05:00',NULL,'present',1,NULL,'2026-03-13 11:38:11','2026-03-13 11:38:11'),(255,8,1,10,'2026-03-09',NULL,NULL,'excused',1,NULL,'2026-03-13 11:38:11','2026-03-13 11:38:11'),(256,15,1,10,'2026-03-09','08:28:00',NULL,'late',1,NULL,'2026-03-13 11:38:11','2026-03-13 11:38:11'),(257,6,2,10,'2026-03-09','08:00:00',NULL,'present',1,NULL,'2026-03-13 11:38:11','2026-03-13 11:38:11'),(258,9,2,10,'2026-03-09','08:05:00',NULL,'present',1,NULL,'2026-03-13 11:38:11','2026-03-13 11:38:11'),(259,10,2,10,'2026-03-09','08:00:00',NULL,'present',1,NULL,'2026-03-13 11:38:11','2026-03-13 11:38:11'),(260,11,2,10,'2026-03-09',NULL,NULL,'excused',1,NULL,'2026-03-13 11:38:11','2026-03-13 11:38:11'),(261,16,2,10,'2026-03-09','08:03:00',NULL,'present',1,NULL,'2026-03-13 11:38:11','2026-03-13 11:38:11'),(262,12,3,10,'2026-03-09','08:03:00',NULL,'present',1,NULL,'2026-03-13 11:38:11','2026-03-13 11:38:11'),(263,13,3,10,'2026-03-09','08:01:00',NULL,'present',1,NULL,'2026-03-13 11:38:11','2026-03-13 11:38:11'),(264,14,3,10,'2026-03-09','08:03:00',NULL,'present',1,NULL,'2026-03-13 11:38:11','2026-03-13 11:38:11'),(265,3,4,11,'2026-03-09','09:33:00',NULL,'present',1,NULL,'2026-03-13 11:38:11','2026-03-13 11:38:11'),(266,7,4,11,'2026-03-09','09:32:00',NULL,'present',1,NULL,'2026-03-13 11:38:11','2026-03-13 11:38:11'),(267,8,4,11,'2026-03-09',NULL,NULL,'absent',1,NULL,'2026-03-13 11:38:11','2026-03-13 11:38:11'),(268,15,4,11,'2026-03-09','09:32:00',NULL,'present',1,NULL,'2026-03-13 11:38:11','2026-03-13 11:38:11'),(269,6,5,11,'2026-03-09',NULL,NULL,'absent',1,NULL,'2026-03-13 11:38:11','2026-03-13 11:38:11'),(270,9,5,11,'2026-03-09',NULL,NULL,'absent',1,NULL,'2026-03-13 11:38:11','2026-03-13 11:38:11'),(271,10,5,11,'2026-03-09','09:47:00',NULL,'late',1,NULL,'2026-03-13 11:38:11','2026-03-13 11:38:11'),(272,11,5,11,'2026-03-09','09:35:00',NULL,'present',1,NULL,'2026-03-13 11:38:11','2026-03-13 11:38:11'),(273,16,5,11,'2026-03-09','09:31:00',NULL,'present',1,NULL,'2026-03-13 11:38:11','2026-03-13 11:38:11'),(274,12,6,11,'2026-03-09',NULL,NULL,'absent',1,NULL,'2026-03-13 11:38:11','2026-03-13 11:38:11'),(275,13,6,11,'2026-03-09','09:32:00',NULL,'present',1,NULL,'2026-03-13 11:38:11','2026-03-13 11:38:11'),(276,14,6,11,'2026-03-09','09:35:00',NULL,'present',1,NULL,'2026-03-13 11:38:11','2026-03-13 11:38:11'),(277,3,7,12,'2026-03-09','11:02:00',NULL,'present',4,NULL,'2026-03-13 11:38:11','2026-03-13 11:38:11'),(278,7,7,12,'2026-03-09','11:16:00',NULL,'late',4,NULL,'2026-03-13 11:38:11','2026-03-13 11:38:11'),(279,8,7,12,'2026-03-09',NULL,NULL,'excused',4,NULL,'2026-03-13 11:38:11','2026-03-13 11:38:11'),(280,15,7,12,'2026-03-09','11:04:00',NULL,'present',4,NULL,'2026-03-13 11:38:11','2026-03-13 11:38:11'),(281,6,8,12,'2026-03-09','11:02:00',NULL,'present',4,NULL,'2026-03-13 11:38:11','2026-03-13 11:38:11'),(282,9,8,12,'2026-03-09','11:05:00',NULL,'present',4,NULL,'2026-03-13 11:38:11','2026-03-13 11:38:11'),(283,10,8,12,'2026-03-09','11:03:00',NULL,'present',4,NULL,'2026-03-13 11:38:11','2026-03-13 11:38:11'),(284,11,8,12,'2026-03-09','11:02:00',NULL,'present',4,NULL,'2026-03-13 11:38:11','2026-03-13 11:38:11'),(285,16,8,12,'2026-03-09','11:03:00',NULL,'present',4,NULL,'2026-03-13 11:38:11','2026-03-13 11:38:11'),(286,12,9,12,'2026-03-09','11:30:00',NULL,'late',4,NULL,'2026-03-13 11:38:11','2026-03-13 11:38:11'),(287,13,9,12,'2026-03-09','11:00:00',NULL,'present',4,NULL,'2026-03-13 11:38:11','2026-03-13 11:38:11'),(288,14,9,12,'2026-03-09',NULL,NULL,'absent',4,NULL,'2026-03-13 11:38:11','2026-03-13 11:38:11'),(289,3,10,13,'2026-03-09','13:02:00',NULL,'present',1,NULL,'2026-03-13 11:38:11','2026-03-13 11:38:11'),(290,7,10,13,'2026-03-09',NULL,NULL,'absent',1,NULL,'2026-03-13 11:38:11','2026-03-13 11:38:11'),(291,8,10,13,'2026-03-09','13:03:00',NULL,'present',1,NULL,'2026-03-13 11:38:11','2026-03-13 11:38:11'),(292,15,10,13,'2026-03-09','13:05:00',NULL,'present',1,NULL,'2026-03-13 11:38:11','2026-03-13 11:38:11'),(293,6,11,13,'2026-03-09',NULL,NULL,'absent',1,NULL,'2026-03-13 11:38:11','2026-03-13 11:38:11'),(294,9,11,13,'2026-03-09','13:03:00',NULL,'present',1,NULL,'2026-03-13 11:38:11','2026-03-13 11:38:11'),(295,10,11,13,'2026-03-09','13:02:00',NULL,'present',1,NULL,'2026-03-13 11:38:11','2026-03-13 11:38:11'),(296,11,11,13,'2026-03-09','13:00:00',NULL,'present',1,NULL,'2026-03-13 11:38:11','2026-03-13 11:38:11'),(297,16,11,13,'2026-03-09','13:00:00',NULL,'present',1,NULL,'2026-03-13 11:38:11','2026-03-13 11:38:11'),(298,12,12,13,'2026-03-09',NULL,NULL,'absent',1,NULL,'2026-03-13 11:38:11','2026-03-13 11:38:11'),(299,13,12,13,'2026-03-09','13:05:00',NULL,'present',1,NULL,'2026-03-13 11:38:11','2026-03-13 11:38:11'),(300,14,12,13,'2026-03-09','13:02:00',NULL,'present',1,NULL,'2026-03-13 11:38:11','2026-03-13 11:38:11'),(301,3,13,14,'2026-03-09','14:31:00',NULL,'present',5,NULL,'2026-03-13 11:38:11','2026-03-13 11:38:11'),(302,7,13,14,'2026-03-09',NULL,NULL,'excused',5,NULL,'2026-03-13 11:38:11','2026-03-13 11:38:11'),(303,8,13,14,'2026-03-09','14:30:00',NULL,'present',5,NULL,'2026-03-13 11:38:11','2026-03-13 11:38:11'),(304,15,13,14,'2026-03-09','14:31:00',NULL,'present',5,NULL,'2026-03-13 11:38:11','2026-03-13 11:38:11'),(305,6,14,14,'2026-03-09','14:35:00',NULL,'present',5,NULL,'2026-03-13 11:38:11','2026-03-13 11:38:11'),(306,9,14,14,'2026-03-09','14:33:00',NULL,'present',5,NULL,'2026-03-13 11:38:11','2026-03-13 11:38:11'),(307,10,14,14,'2026-03-09',NULL,NULL,'excused',5,NULL,'2026-03-13 11:38:11','2026-03-13 11:38:11'),(308,11,14,14,'2026-03-09','14:35:00',NULL,'present',5,NULL,'2026-03-13 11:38:11','2026-03-13 11:38:11'),(309,16,14,14,'2026-03-09',NULL,NULL,'absent',5,NULL,'2026-03-13 11:38:11','2026-03-13 11:38:11'),(310,12,15,14,'2026-03-09','14:54:00',NULL,'late',5,NULL,'2026-03-13 11:38:11','2026-03-13 11:38:11'),(311,13,15,14,'2026-03-09','14:35:00',NULL,'present',5,NULL,'2026-03-13 11:38:11','2026-03-13 11:38:11'),(312,14,15,14,'2026-03-09','14:30:00',NULL,'present',5,NULL,'2026-03-13 11:38:11','2026-03-13 11:38:11'),(313,3,16,15,'2026-03-09',NULL,NULL,'excused',5,NULL,'2026-03-13 11:38:11','2026-03-13 11:38:11'),(314,7,16,15,'2026-03-09',NULL,NULL,'excused',5,NULL,'2026-03-13 11:38:11','2026-03-13 11:38:11'),(315,8,16,15,'2026-03-09','08:01:00',NULL,'present',5,NULL,'2026-03-13 11:38:11','2026-03-13 11:38:11'),(316,15,16,15,'2026-03-09','08:05:00',NULL,'present',5,NULL,'2026-03-13 11:38:11','2026-03-13 11:38:11'),(317,6,17,15,'2026-03-09','08:01:00',NULL,'present',5,NULL,'2026-03-13 11:38:11','2026-03-13 11:38:11'),(318,9,17,15,'2026-03-09','08:04:00',NULL,'present',5,NULL,'2026-03-13 11:38:11','2026-03-13 11:38:11'),(319,10,17,15,'2026-03-09',NULL,NULL,'excused',5,NULL,'2026-03-13 11:38:11','2026-03-13 11:38:11'),(320,11,17,15,'2026-03-09','08:05:00',NULL,'present',5,NULL,'2026-03-13 11:38:11','2026-03-13 11:38:11'),(321,16,17,15,'2026-03-09','08:01:00',NULL,'present',5,NULL,'2026-03-13 11:38:11','2026-03-13 11:38:11'),(322,12,18,15,'2026-03-09','08:02:00',NULL,'present',5,NULL,'2026-03-13 11:38:11','2026-03-13 11:38:11'),(323,13,18,15,'2026-03-09',NULL,NULL,'absent',5,NULL,'2026-03-13 11:38:11','2026-03-13 11:38:11'),(324,14,18,15,'2026-03-09','08:19:00',NULL,'late',5,NULL,'2026-03-13 11:38:11','2026-03-13 11:38:11'),(325,3,19,16,'2026-03-09',NULL,NULL,'excused',1,NULL,'2026-03-13 11:38:11','2026-03-13 11:38:11'),(326,7,19,16,'2026-03-09',NULL,NULL,'excused',1,NULL,'2026-03-13 11:38:11','2026-03-13 11:38:11'),(327,8,19,16,'2026-03-09','09:34:00',NULL,'present',1,NULL,'2026-03-13 11:38:11','2026-03-13 11:38:11'),(328,15,19,16,'2026-03-09','09:35:00',NULL,'present',1,NULL,'2026-03-13 11:38:11','2026-03-13 11:38:11'),(329,6,20,16,'2026-03-09','09:35:00',NULL,'present',1,NULL,'2026-03-13 11:38:11','2026-03-13 11:38:11'),(330,9,20,16,'2026-03-09','09:43:00',NULL,'late',1,NULL,'2026-03-13 11:38:11','2026-03-13 11:38:11'),(331,10,20,16,'2026-03-09','09:35:00',NULL,'present',1,NULL,'2026-03-13 11:38:11','2026-03-13 11:38:11'),(332,11,20,16,'2026-03-09','09:41:00',NULL,'late',1,NULL,'2026-03-13 11:38:11','2026-03-13 11:38:11'),(333,16,20,16,'2026-03-09','09:35:00',NULL,'present',1,NULL,'2026-03-13 11:38:11','2026-03-13 11:38:11'),(334,12,21,16,'2026-03-09',NULL,NULL,'absent',1,NULL,'2026-03-13 11:38:11','2026-03-13 11:38:11'),(335,13,21,16,'2026-03-09','09:30:00',NULL,'present',1,NULL,'2026-03-13 11:38:11','2026-03-13 11:38:11'),(336,14,21,16,'2026-03-09','09:34:00',NULL,'present',1,NULL,'2026-03-13 11:38:11','2026-03-13 11:38:11'),(337,3,1,10,'2026-03-10','08:05:00',NULL,'present',1,NULL,'2026-03-13 11:38:11','2026-03-13 11:38:11'),(338,7,1,10,'2026-03-10','08:00:00',NULL,'present',1,NULL,'2026-03-13 11:38:11','2026-03-13 11:38:11'),(339,8,1,10,'2026-03-10',NULL,NULL,'excused',1,NULL,'2026-03-13 11:38:11','2026-03-13 11:38:11'),(340,15,1,10,'2026-03-10',NULL,NULL,'absent',1,NULL,'2026-03-13 11:38:11','2026-03-13 11:38:11'),(341,6,2,10,'2026-03-10','08:03:00',NULL,'present',1,NULL,'2026-03-13 11:38:11','2026-03-13 11:38:11'),(342,9,2,10,'2026-03-10',NULL,NULL,'absent',1,NULL,'2026-03-13 11:38:11','2026-03-13 11:38:11'),(343,10,2,10,'2026-03-10','08:02:00',NULL,'present',1,NULL,'2026-03-13 11:38:11','2026-03-13 11:38:11'),(344,11,2,10,'2026-03-10','08:01:00',NULL,'present',1,NULL,'2026-03-13 11:38:11','2026-03-13 11:38:11'),(345,16,2,10,'2026-03-10',NULL,NULL,'excused',1,NULL,'2026-03-13 11:38:11','2026-03-13 11:38:11'),(346,12,3,10,'2026-03-10','08:01:00',NULL,'present',1,NULL,'2026-03-13 11:38:11','2026-03-13 11:38:11'),(347,13,3,10,'2026-03-10',NULL,NULL,'absent',1,NULL,'2026-03-13 11:38:11','2026-03-13 11:38:11'),(348,14,3,10,'2026-03-10','08:00:00',NULL,'present',1,NULL,'2026-03-13 11:38:11','2026-03-13 11:38:11'),(349,3,4,11,'2026-03-10',NULL,NULL,'absent',1,NULL,'2026-03-13 11:38:11','2026-03-13 11:38:11'),(350,7,4,11,'2026-03-10','09:35:00',NULL,'present',1,NULL,'2026-03-13 11:38:11','2026-03-13 11:38:11'),(351,8,4,11,'2026-03-10','09:30:00',NULL,'present',1,NULL,'2026-03-13 11:38:11','2026-03-13 11:38:11'),(352,15,4,11,'2026-03-10',NULL,NULL,'excused',1,NULL,'2026-03-13 11:38:11','2026-03-13 11:38:11'),(353,6,5,11,'2026-03-10','09:35:00',NULL,'present',1,NULL,'2026-03-13 11:38:11','2026-03-13 11:38:11'),(354,9,5,11,'2026-03-10','09:40:00',NULL,'late',1,NULL,'2026-03-13 11:38:11','2026-03-13 11:38:11'),(355,10,5,11,'2026-03-10',NULL,NULL,'excused',1,NULL,'2026-03-13 11:38:11','2026-03-13 11:38:11'),(356,11,5,11,'2026-03-10','09:33:00',NULL,'present',1,NULL,'2026-03-13 11:38:11','2026-03-13 11:38:11'),(357,16,5,11,'2026-03-10',NULL,NULL,'excused',1,NULL,'2026-03-13 11:38:11','2026-03-13 11:38:11'),(358,12,6,11,'2026-03-10','09:32:00',NULL,'present',1,NULL,'2026-03-13 11:38:11','2026-03-13 11:38:11'),(359,13,6,11,'2026-03-10',NULL,NULL,'absent',1,NULL,'2026-03-13 11:38:11','2026-03-13 11:38:11'),(360,14,6,11,'2026-03-10','09:49:00',NULL,'late',1,NULL,'2026-03-13 11:38:11','2026-03-13 11:38:11'),(361,3,7,12,'2026-03-10','11:05:00',NULL,'present',4,NULL,'2026-03-13 11:38:11','2026-03-13 11:38:11'),(362,7,7,12,'2026-03-10','11:03:00',NULL,'present',4,NULL,'2026-03-13 11:38:11','2026-03-13 11:38:11'),(363,8,7,12,'2026-03-10',NULL,NULL,'excused',4,NULL,'2026-03-13 11:38:11','2026-03-13 11:38:11'),(364,15,7,12,'2026-03-10','11:04:00',NULL,'present',4,NULL,'2026-03-13 11:38:11','2026-03-13 11:38:11'),(365,6,8,12,'2026-03-10','11:04:00',NULL,'present',4,NULL,'2026-03-13 11:38:11','2026-03-13 11:38:11'),(366,9,8,12,'2026-03-10',NULL,NULL,'excused',4,NULL,'2026-03-13 11:38:11','2026-03-13 11:38:11'),(367,10,8,12,'2026-03-10','11:04:00',NULL,'present',4,NULL,'2026-03-13 11:38:11','2026-03-13 11:38:11'),(368,11,8,12,'2026-03-10','11:00:00',NULL,'present',4,NULL,'2026-03-13 11:38:11','2026-03-13 11:38:11'),(369,16,8,12,'2026-03-10',NULL,NULL,'excused',4,NULL,'2026-03-13 11:38:11','2026-03-13 11:38:11'),(370,12,9,12,'2026-03-10','11:26:00',NULL,'late',4,NULL,'2026-03-13 11:38:11','2026-03-13 11:38:11'),(371,13,9,12,'2026-03-10',NULL,NULL,'excused',4,NULL,'2026-03-13 11:38:11','2026-03-13 11:38:11'),(372,14,9,12,'2026-03-10','11:05:00',NULL,'present',4,NULL,'2026-03-13 11:38:11','2026-03-13 11:38:11'),(373,3,10,13,'2026-03-10','13:04:00',NULL,'present',1,NULL,'2026-03-13 11:38:11','2026-03-13 11:38:11'),(374,7,10,13,'2026-03-10','13:01:00',NULL,'present',1,NULL,'2026-03-13 11:38:11','2026-03-13 11:38:11'),(375,8,10,13,'2026-03-10',NULL,NULL,'excused',1,NULL,'2026-03-13 11:38:11','2026-03-13 11:38:11'),(376,15,10,13,'2026-03-10','13:01:00',NULL,'present',1,NULL,'2026-03-13 11:38:11','2026-03-13 11:38:11'),(377,6,11,13,'2026-03-10','13:03:00',NULL,'present',1,NULL,'2026-03-13 11:38:11','2026-03-13 11:38:11'),(378,9,11,13,'2026-03-10',NULL,NULL,'excused',1,NULL,'2026-03-13 11:38:11','2026-03-13 11:38:11'),(379,10,11,13,'2026-03-10','13:29:00',NULL,'late',1,NULL,'2026-03-13 11:38:11','2026-03-13 11:38:11'),(380,11,11,13,'2026-03-10','13:18:00',NULL,'late',1,NULL,'2026-03-13 11:38:11','2026-03-13 11:38:11'),(381,16,11,13,'2026-03-10','13:19:00',NULL,'late',1,NULL,'2026-03-13 11:38:11','2026-03-13 11:38:11'),(382,12,12,13,'2026-03-10','13:04:00',NULL,'present',1,NULL,'2026-03-13 11:38:11','2026-03-13 11:38:11'),(383,13,12,13,'2026-03-10',NULL,NULL,'absent',1,NULL,'2026-03-13 11:38:11','2026-03-13 11:38:11'),(384,14,12,13,'2026-03-10',NULL,NULL,'absent',1,NULL,'2026-03-13 11:38:11','2026-03-13 11:38:11'),(385,3,13,14,'2026-03-10','14:34:00',NULL,'present',5,NULL,'2026-03-13 11:38:11','2026-03-13 11:38:11'),(386,7,13,14,'2026-03-10','14:58:00',NULL,'late',5,NULL,'2026-03-13 11:38:11','2026-03-13 11:38:11'),(387,8,13,14,'2026-03-10',NULL,NULL,'absent',5,NULL,'2026-03-13 11:38:11','2026-03-13 11:38:11'),(388,15,13,14,'2026-03-10','14:31:00',NULL,'present',5,NULL,'2026-03-13 11:38:11','2026-03-13 11:38:11'),(389,6,14,14,'2026-03-10','14:56:00',NULL,'late',5,NULL,'2026-03-13 11:38:11','2026-03-13 11:38:11'),(390,9,14,14,'2026-03-10',NULL,NULL,'excused',5,NULL,'2026-03-13 11:38:11','2026-03-13 11:38:11'),(391,10,14,14,'2026-03-10','14:34:00',NULL,'present',5,NULL,'2026-03-13 11:38:11','2026-03-13 11:38:11'),(392,11,14,14,'2026-03-10','14:59:00',NULL,'late',5,NULL,'2026-03-13 11:38:11','2026-03-13 11:38:11'),(393,16,14,14,'2026-03-10','14:34:00',NULL,'present',5,NULL,'2026-03-13 11:38:11','2026-03-13 11:38:11'),(394,12,15,14,'2026-03-10','14:32:00',NULL,'present',5,NULL,'2026-03-13 11:38:11','2026-03-13 11:38:11'),(395,13,15,14,'2026-03-10',NULL,NULL,'absent',5,NULL,'2026-03-13 11:38:11','2026-03-13 11:38:11'),(396,14,15,14,'2026-03-10','14:33:00',NULL,'present',5,NULL,'2026-03-13 11:38:11','2026-03-13 11:38:11'),(397,3,16,15,'2026-03-10',NULL,NULL,'absent',5,NULL,'2026-03-13 11:38:11','2026-03-13 11:38:11'),(398,7,16,15,'2026-03-10','08:04:00',NULL,'present',5,NULL,'2026-03-13 11:38:11','2026-03-13 11:38:11'),(399,8,16,15,'2026-03-10','08:01:00',NULL,'present',5,NULL,'2026-03-13 11:38:11','2026-03-13 11:38:11'),(400,15,16,15,'2026-03-10','08:03:00',NULL,'present',5,NULL,'2026-03-13 11:38:11','2026-03-13 11:38:11'),(401,6,17,15,'2026-03-10','08:04:00',NULL,'present',5,NULL,'2026-03-13 11:38:11','2026-03-13 11:38:11'),(402,9,17,15,'2026-03-10',NULL,NULL,'absent',5,NULL,'2026-03-13 11:38:11','2026-03-13 11:38:11'),(403,10,17,15,'2026-03-10','08:30:00',NULL,'late',5,NULL,'2026-03-13 11:38:11','2026-03-13 11:38:11'),(404,11,17,15,'2026-03-10','08:00:00',NULL,'present',5,NULL,'2026-03-13 11:38:11','2026-03-13 11:38:11'),(405,16,17,15,'2026-03-10','08:13:00',NULL,'late',5,NULL,'2026-03-13 11:38:11','2026-03-13 11:38:11'),(406,12,18,15,'2026-03-10','08:00:00',NULL,'present',5,NULL,'2026-03-13 11:38:11','2026-03-13 11:38:11'),(407,13,18,15,'2026-03-10','08:05:00',NULL,'present',5,NULL,'2026-03-13 11:38:11','2026-03-13 11:38:11'),(408,14,18,15,'2026-03-10','08:25:00',NULL,'late',5,NULL,'2026-03-13 11:38:11','2026-03-13 11:38:11'),(409,3,19,16,'2026-03-10','09:31:00',NULL,'present',1,NULL,'2026-03-13 11:38:11','2026-03-13 11:38:11'),(410,7,19,16,'2026-03-10',NULL,NULL,'absent',1,NULL,'2026-03-13 11:38:11','2026-03-13 11:38:11'),(411,8,19,16,'2026-03-10','09:34:00',NULL,'present',1,NULL,'2026-03-13 11:38:11','2026-03-13 11:38:11'),(412,15,19,16,'2026-03-10',NULL,NULL,'absent',1,NULL,'2026-03-13 11:38:11','2026-03-13 11:38:11'),(413,6,20,16,'2026-03-10','09:30:00',NULL,'present',1,NULL,'2026-03-13 11:38:11','2026-03-13 11:38:11'),(414,9,20,16,'2026-03-10','09:31:00',NULL,'present',1,NULL,'2026-03-13 11:38:11','2026-03-13 11:38:11'),(415,10,20,16,'2026-03-10','09:47:00',NULL,'late',1,NULL,'2026-03-13 11:38:11','2026-03-13 11:38:11'),(416,11,20,16,'2026-03-10','09:32:00',NULL,'present',1,NULL,'2026-03-13 11:38:11','2026-03-13 11:38:11'),(417,16,20,16,'2026-03-10',NULL,NULL,'excused',1,NULL,'2026-03-13 11:38:11','2026-03-13 11:38:11'),(418,12,21,16,'2026-03-10','09:33:00',NULL,'present',1,NULL,'2026-03-13 11:38:11','2026-03-13 11:38:11'),(419,13,21,16,'2026-03-10','09:30:00',NULL,'present',1,NULL,'2026-03-13 11:38:11','2026-03-13 11:38:11'),(420,14,21,16,'2026-03-10','09:54:00',NULL,'late',1,NULL,'2026-03-13 11:38:11','2026-03-13 11:38:11'),(421,3,1,10,'2026-03-11','08:13:00',NULL,'late',1,NULL,'2026-03-13 11:38:11','2026-03-13 11:38:11'),(422,7,1,10,'2026-03-11',NULL,NULL,'excused',1,NULL,'2026-03-13 11:38:11','2026-03-13 11:38:11'),(423,8,1,10,'2026-03-11','08:10:00',NULL,'late',1,NULL,'2026-03-13 11:38:11','2026-03-13 11:38:11'),(424,15,1,10,'2026-03-11','08:02:00',NULL,'present',1,NULL,'2026-03-13 11:38:11','2026-03-13 11:38:11'),(425,6,2,10,'2026-03-11','08:00:00',NULL,'present',1,NULL,'2026-03-13 11:38:11','2026-03-13 11:38:11'),(426,9,2,10,'2026-03-11',NULL,NULL,'excused',1,NULL,'2026-03-13 11:38:11','2026-03-13 11:38:11'),(427,10,2,10,'2026-03-11','08:25:00',NULL,'late',1,NULL,'2026-03-13 11:38:11','2026-03-13 11:38:11'),(428,11,2,10,'2026-03-11','08:02:00',NULL,'present',1,NULL,'2026-03-13 11:38:11','2026-03-13 11:38:11'),(429,16,2,10,'2026-03-11','08:03:00',NULL,'present',1,NULL,'2026-03-13 11:38:11','2026-03-13 11:38:11'),(430,12,3,10,'2026-03-11',NULL,NULL,'excused',1,NULL,'2026-03-13 11:38:12','2026-03-13 11:38:12'),(431,13,3,10,'2026-03-11','08:29:00',NULL,'late',1,NULL,'2026-03-13 11:38:12','2026-03-13 11:38:12'),(432,14,3,10,'2026-03-11','08:00:00',NULL,'present',1,NULL,'2026-03-13 11:38:12','2026-03-13 11:38:12'),(433,3,4,11,'2026-03-11','09:50:00',NULL,'late',1,NULL,'2026-03-13 11:38:12','2026-03-13 11:38:12'),(434,7,4,11,'2026-03-11',NULL,NULL,'excused',1,NULL,'2026-03-13 11:38:12','2026-03-13 11:38:12'),(435,8,4,11,'2026-03-11','09:33:00',NULL,'present',1,NULL,'2026-03-13 11:38:12','2026-03-13 11:38:12'),(436,15,4,11,'2026-03-11',NULL,NULL,'absent',1,NULL,'2026-03-13 11:38:12','2026-03-13 11:38:12'),(437,6,5,11,'2026-03-11','09:54:00',NULL,'late',1,NULL,'2026-03-13 11:38:12','2026-03-13 11:38:12'),(438,9,5,11,'2026-03-11','09:30:00',NULL,'present',1,NULL,'2026-03-13 11:38:12','2026-03-13 11:38:12'),(439,10,5,11,'2026-03-11',NULL,NULL,'excused',1,NULL,'2026-03-13 11:38:12','2026-03-13 11:38:12'),(440,11,5,11,'2026-03-11',NULL,NULL,'absent',1,NULL,'2026-03-13 11:38:12','2026-03-13 11:38:12'),(441,16,5,11,'2026-03-11',NULL,NULL,'excused',1,NULL,'2026-03-13 11:38:12','2026-03-13 11:38:12'),(442,12,6,11,'2026-03-11','09:42:00',NULL,'late',1,NULL,'2026-03-13 11:38:12','2026-03-13 11:38:12'),(443,13,6,11,'2026-03-11','09:33:00',NULL,'present',1,NULL,'2026-03-13 11:38:12','2026-03-13 11:38:12'),(444,14,6,11,'2026-03-11',NULL,NULL,'absent',1,NULL,'2026-03-13 11:38:12','2026-03-13 11:38:12'),(445,3,7,12,'2026-03-11','11:04:00',NULL,'present',4,NULL,'2026-03-13 11:38:12','2026-03-13 11:38:12'),(446,7,7,12,'2026-03-11','11:04:00',NULL,'present',4,NULL,'2026-03-13 11:38:12','2026-03-13 11:38:12'),(447,8,7,12,'2026-03-11','11:03:00',NULL,'present',4,NULL,'2026-03-13 11:38:12','2026-03-13 11:38:12'),(448,15,7,12,'2026-03-11',NULL,NULL,'excused',4,NULL,'2026-03-13 11:38:12','2026-03-13 11:38:12'),(449,6,8,12,'2026-03-11',NULL,NULL,'excused',4,NULL,'2026-03-13 11:38:12','2026-03-13 11:38:12'),(450,9,8,12,'2026-03-11','11:01:00',NULL,'present',4,NULL,'2026-03-13 11:38:12','2026-03-13 11:38:12'),(451,10,8,12,'2026-03-11','11:12:00',NULL,'late',4,NULL,'2026-03-13 11:38:12','2026-03-13 11:38:12'),(452,11,8,12,'2026-03-11',NULL,NULL,'absent',4,NULL,'2026-03-13 11:38:12','2026-03-13 11:38:12'),(453,16,8,12,'2026-03-11',NULL,NULL,'excused',4,NULL,'2026-03-13 11:38:12','2026-03-13 11:38:12'),(454,12,9,12,'2026-03-11','11:03:00',NULL,'present',4,NULL,'2026-03-13 11:38:12','2026-03-13 11:38:12'),(455,13,9,12,'2026-03-11',NULL,NULL,'absent',4,NULL,'2026-03-13 11:38:12','2026-03-13 11:38:12'),(456,14,9,12,'2026-03-11','11:25:00',NULL,'late',4,NULL,'2026-03-13 11:38:12','2026-03-13 11:38:12'),(457,3,10,13,'2026-03-11','13:03:00',NULL,'present',1,NULL,'2026-03-13 11:38:12','2026-03-13 11:38:12'),(458,7,10,13,'2026-03-11',NULL,NULL,'absent',1,NULL,'2026-03-13 11:38:12','2026-03-13 11:38:12'),(459,8,10,13,'2026-03-11','13:01:00',NULL,'present',1,NULL,'2026-03-13 11:38:12','2026-03-13 11:38:12'),(460,15,10,13,'2026-03-11','13:02:00',NULL,'present',1,NULL,'2026-03-13 11:38:12','2026-03-13 11:38:12'),(461,6,11,13,'2026-03-11','13:03:00',NULL,'present',1,NULL,'2026-03-13 11:38:12','2026-03-13 11:38:12'),(462,9,11,13,'2026-03-11','13:05:00',NULL,'present',1,NULL,'2026-03-13 11:38:12','2026-03-13 11:38:12'),(463,10,11,13,'2026-03-11','13:05:00',NULL,'present',1,NULL,'2026-03-13 11:38:12','2026-03-13 11:38:12'),(464,11,11,13,'2026-03-11',NULL,NULL,'absent',1,NULL,'2026-03-13 11:38:12','2026-03-13 11:38:12'),(465,16,11,13,'2026-03-11',NULL,NULL,'absent',1,NULL,'2026-03-13 11:38:12','2026-03-13 11:38:12'),(466,12,12,13,'2026-03-11','13:04:00',NULL,'present',1,NULL,'2026-03-13 11:38:12','2026-03-13 11:38:12'),(467,13,12,13,'2026-03-11','13:02:00',NULL,'present',1,NULL,'2026-03-13 11:38:12','2026-03-13 11:38:12'),(468,14,12,13,'2026-03-11','13:15:00',NULL,'late',1,NULL,'2026-03-13 11:38:12','2026-03-13 11:38:12'),(469,3,13,14,'2026-03-11','14:51:00',NULL,'late',5,NULL,'2026-03-13 11:38:12','2026-03-13 11:38:12'),(470,7,13,14,'2026-03-11','14:35:00',NULL,'present',5,NULL,'2026-03-13 11:38:12','2026-03-13 11:38:12'),(471,8,13,14,'2026-03-11','14:48:00',NULL,'late',5,NULL,'2026-03-13 11:38:12','2026-03-13 11:38:12'),(472,15,13,14,'2026-03-11',NULL,NULL,'excused',5,NULL,'2026-03-13 11:38:12','2026-03-13 11:38:12'),(473,6,14,14,'2026-03-11','14:30:00',NULL,'present',5,NULL,'2026-03-13 11:38:12','2026-03-13 11:38:12'),(474,9,14,14,'2026-03-11',NULL,NULL,'excused',5,NULL,'2026-03-13 11:38:12','2026-03-13 11:38:12'),(475,10,14,14,'2026-03-11','14:30:00',NULL,'present',5,NULL,'2026-03-13 11:38:12','2026-03-13 11:38:12'),(476,11,14,14,'2026-03-11','14:33:00',NULL,'present',5,NULL,'2026-03-13 11:38:12','2026-03-13 11:38:12'),(477,16,14,14,'2026-03-11','14:48:00',NULL,'late',5,NULL,'2026-03-13 11:38:12','2026-03-13 11:38:12'),(478,12,15,14,'2026-03-11','14:54:00',NULL,'late',5,NULL,'2026-03-13 11:38:12','2026-03-13 11:38:12'),(479,13,15,14,'2026-03-11','14:33:00',NULL,'present',5,NULL,'2026-03-13 11:38:12','2026-03-13 11:38:12'),(480,14,15,14,'2026-03-11','14:47:00',NULL,'late',5,NULL,'2026-03-13 11:38:12','2026-03-13 11:38:12'),(481,3,16,15,'2026-03-11',NULL,NULL,'excused',5,NULL,'2026-03-13 11:38:12','2026-03-13 11:38:12'),(482,7,16,15,'2026-03-11',NULL,NULL,'absent',5,NULL,'2026-03-13 11:38:12','2026-03-13 11:38:12'),(483,8,16,15,'2026-03-11','08:01:00',NULL,'present',5,NULL,'2026-03-13 11:38:12','2026-03-13 11:38:12'),(484,15,16,15,'2026-03-11',NULL,NULL,'absent',5,NULL,'2026-03-13 11:38:12','2026-03-13 11:38:12'),(485,6,17,15,'2026-03-11',NULL,NULL,'absent',5,NULL,'2026-03-13 11:38:12','2026-03-13 11:38:12'),(486,9,17,15,'2026-03-11','08:29:00',NULL,'late',5,NULL,'2026-03-13 11:38:12','2026-03-13 11:38:12'),(487,10,17,15,'2026-03-11','08:04:00',NULL,'present',5,NULL,'2026-03-13 11:38:12','2026-03-13 11:38:12'),(488,11,17,15,'2026-03-11',NULL,NULL,'absent',5,NULL,'2026-03-13 11:38:12','2026-03-13 11:38:12'),(489,16,17,15,'2026-03-11','08:05:00',NULL,'present',5,NULL,'2026-03-13 11:38:12','2026-03-13 11:38:12'),(490,12,18,15,'2026-03-11','08:00:00',NULL,'present',5,NULL,'2026-03-13 11:38:12','2026-03-13 11:38:12'),(491,13,18,15,'2026-03-11','08:00:00',NULL,'present',5,NULL,'2026-03-13 11:38:12','2026-03-13 11:38:12'),(492,14,18,15,'2026-03-11','08:04:00',NULL,'present',5,NULL,'2026-03-13 11:38:12','2026-03-13 11:38:12'),(493,3,19,16,'2026-03-11',NULL,NULL,'absent',1,NULL,'2026-03-13 11:38:12','2026-03-13 11:38:12'),(494,7,19,16,'2026-03-11','09:34:00',NULL,'present',1,NULL,'2026-03-13 11:38:12','2026-03-13 11:38:12'),(495,8,19,16,'2026-03-11','09:30:00',NULL,'present',1,NULL,'2026-03-13 11:38:12','2026-03-13 11:38:12'),(496,15,19,16,'2026-03-11','09:33:00',NULL,'present',1,NULL,'2026-03-13 11:38:12','2026-03-13 11:38:12'),(497,6,20,16,'2026-03-11',NULL,NULL,'absent',1,NULL,'2026-03-13 11:38:12','2026-03-13 11:38:12'),(498,9,20,16,'2026-03-11','09:33:00',NULL,'present',1,NULL,'2026-03-13 11:38:12','2026-03-13 11:38:12'),(499,10,20,16,'2026-03-11','09:33:00',NULL,'present',1,NULL,'2026-03-13 11:38:12','2026-03-13 11:38:12'),(500,11,20,16,'2026-03-11','09:48:00',NULL,'late',1,NULL,'2026-03-13 11:38:12','2026-03-13 11:38:12'),(501,16,20,16,'2026-03-11',NULL,NULL,'excused',1,NULL,'2026-03-13 11:38:12','2026-03-13 11:38:12'),(502,12,21,16,'2026-03-11',NULL,NULL,'excused',1,NULL,'2026-03-13 11:38:12','2026-03-13 11:38:12'),(503,13,21,16,'2026-03-11','09:48:00',NULL,'late',1,NULL,'2026-03-13 11:38:12','2026-03-13 11:38:12'),(504,14,21,16,'2026-03-11','09:32:00',NULL,'present',1,NULL,'2026-03-13 11:38:12','2026-03-13 11:38:12'),(505,3,1,10,'2026-03-12','08:01:00',NULL,'present',1,NULL,'2026-03-13 11:38:12','2026-03-13 11:38:12'),(506,7,1,10,'2026-03-12','08:01:00',NULL,'present',1,NULL,'2026-03-13 11:38:12','2026-03-13 11:38:12'),(507,8,1,10,'2026-03-12','08:01:00',NULL,'present',1,NULL,'2026-03-13 11:38:12','2026-03-13 11:38:12'),(508,15,1,10,'2026-03-12','08:02:00',NULL,'present',1,NULL,'2026-03-13 11:38:12','2026-03-13 11:38:12'),(509,6,2,10,'2026-03-12',NULL,NULL,'absent',1,NULL,'2026-03-13 11:38:12','2026-03-13 11:38:12'),(510,9,2,10,'2026-03-12','08:02:00',NULL,'present',1,NULL,'2026-03-13 11:38:12','2026-03-13 11:38:12'),(511,10,2,10,'2026-03-12',NULL,NULL,'absent',1,NULL,'2026-03-13 11:38:12','2026-03-13 11:38:12'),(512,11,2,10,'2026-03-12','08:04:00',NULL,'present',1,NULL,'2026-03-13 11:38:12','2026-03-13 11:38:12'),(513,16,2,10,'2026-03-12','08:15:00',NULL,'late',1,NULL,'2026-03-13 11:38:12','2026-03-13 11:38:12'),(514,12,3,10,'2026-03-12','08:04:00',NULL,'present',1,NULL,'2026-03-13 11:38:12','2026-03-13 11:38:12'),(515,13,3,10,'2026-03-12','08:00:00',NULL,'present',1,NULL,'2026-03-13 11:38:12','2026-03-13 11:38:12'),(516,14,3,10,'2026-03-12','08:00:00',NULL,'present',1,NULL,'2026-03-13 11:38:12','2026-03-13 11:38:12'),(517,3,4,11,'2026-03-12',NULL,NULL,'excused',1,NULL,'2026-03-13 11:38:12','2026-03-13 11:38:12'),(518,7,4,11,'2026-03-12','09:32:00',NULL,'present',1,NULL,'2026-03-13 11:38:12','2026-03-13 11:38:12'),(519,8,4,11,'2026-03-12','09:30:00',NULL,'present',1,NULL,'2026-03-13 11:38:12','2026-03-13 11:38:12'),(520,15,4,11,'2026-03-12','09:33:00',NULL,'present',1,NULL,'2026-03-13 11:38:12','2026-03-13 11:38:12'),(521,6,5,11,'2026-03-12','09:31:00',NULL,'present',1,NULL,'2026-03-13 11:38:12','2026-03-13 11:38:12'),(522,9,5,11,'2026-03-12','09:31:00',NULL,'present',1,NULL,'2026-03-13 11:38:12','2026-03-13 11:38:12'),(523,10,5,11,'2026-03-12','09:35:00',NULL,'present',1,NULL,'2026-03-13 11:38:12','2026-03-13 11:38:12'),(524,11,5,11,'2026-03-12','09:59:00',NULL,'late',1,NULL,'2026-03-13 11:38:12','2026-03-13 11:38:12'),(525,16,5,11,'2026-03-12',NULL,NULL,'excused',1,NULL,'2026-03-13 11:38:12','2026-03-13 11:38:12'),(526,12,6,11,'2026-03-12','09:34:00',NULL,'present',1,NULL,'2026-03-13 11:38:12','2026-03-13 11:38:12'),(527,13,6,11,'2026-03-12','09:32:00',NULL,'present',1,NULL,'2026-03-13 11:38:12','2026-03-13 11:38:12'),(528,14,6,11,'2026-03-12','09:32:00',NULL,'present',1,NULL,'2026-03-13 11:38:12','2026-03-13 11:38:12'),(529,3,7,12,'2026-03-12','11:00:00',NULL,'present',4,NULL,'2026-03-13 11:38:12','2026-03-13 11:38:12'),(530,7,7,12,'2026-03-12','11:03:00',NULL,'present',4,NULL,'2026-03-13 11:38:12','2026-03-13 11:38:12'),(531,8,7,12,'2026-03-12','11:00:00',NULL,'present',4,NULL,'2026-03-13 11:38:12','2026-03-13 11:38:12'),(532,15,7,12,'2026-03-12','11:25:00',NULL,'late',4,NULL,'2026-03-13 11:38:12','2026-03-13 11:38:12'),(533,6,8,12,'2026-03-12',NULL,NULL,'excused',4,NULL,'2026-03-13 11:38:12','2026-03-13 11:38:12'),(534,9,8,12,'2026-03-12',NULL,NULL,'absent',4,NULL,'2026-03-13 11:38:12','2026-03-13 11:38:12'),(535,10,8,12,'2026-03-12','11:03:00',NULL,'present',4,NULL,'2026-03-13 11:38:12','2026-03-13 11:38:12'),(536,11,8,12,'2026-03-12',NULL,NULL,'excused',4,NULL,'2026-03-13 11:38:12','2026-03-13 11:38:12'),(537,16,8,12,'2026-03-12',NULL,NULL,'absent',4,NULL,'2026-03-13 11:38:12','2026-03-13 11:38:12'),(538,12,9,12,'2026-03-12',NULL,NULL,'absent',4,NULL,'2026-03-13 11:38:12','2026-03-13 11:38:12'),(539,13,9,12,'2026-03-12',NULL,NULL,'absent',4,NULL,'2026-03-13 11:38:12','2026-03-13 11:38:12'),(540,14,9,12,'2026-03-12',NULL,NULL,'absent',4,NULL,'2026-03-13 11:38:12','2026-03-13 11:38:12'),(541,3,10,13,'2026-03-12','13:02:00',NULL,'present',1,NULL,'2026-03-13 11:38:12','2026-03-13 11:38:12'),(542,7,10,13,'2026-03-12',NULL,NULL,'excused',1,NULL,'2026-03-13 11:38:12','2026-03-13 11:38:12'),(543,8,10,13,'2026-03-12',NULL,NULL,'absent',1,NULL,'2026-03-13 11:38:12','2026-03-13 11:38:12'),(544,15,10,13,'2026-03-12','13:20:00',NULL,'late',1,NULL,'2026-03-13 11:38:12','2026-03-13 11:38:12'),(545,6,11,13,'2026-03-12','13:05:00',NULL,'present',1,NULL,'2026-03-13 11:38:12','2026-03-13 11:38:12'),(546,9,11,13,'2026-03-12','13:05:00',NULL,'present',1,NULL,'2026-03-13 11:38:12','2026-03-13 11:38:12'),(547,10,11,13,'2026-03-12','13:03:00',NULL,'present',1,NULL,'2026-03-13 11:38:12','2026-03-13 11:38:12'),(548,11,11,13,'2026-03-12','13:00:00',NULL,'present',1,NULL,'2026-03-13 11:38:12','2026-03-13 11:38:12'),(549,16,11,13,'2026-03-12',NULL,NULL,'absent',1,NULL,'2026-03-13 11:38:12','2026-03-13 11:38:12'),(550,12,12,13,'2026-03-12','13:17:00',NULL,'late',1,NULL,'2026-03-13 11:38:12','2026-03-13 11:38:12'),(551,13,12,13,'2026-03-12','13:05:00',NULL,'present',1,NULL,'2026-03-13 11:38:12','2026-03-13 11:38:12'),(552,14,12,13,'2026-03-12','13:27:00',NULL,'late',1,NULL,'2026-03-13 11:38:12','2026-03-13 11:38:12'),(553,3,13,14,'2026-03-12',NULL,NULL,'excused',5,NULL,'2026-03-13 11:38:12','2026-03-13 11:38:12'),(554,7,13,14,'2026-03-12',NULL,NULL,'excused',5,NULL,'2026-03-13 11:38:12','2026-03-13 11:38:12'),(555,8,13,14,'2026-03-12',NULL,NULL,'absent',5,NULL,'2026-03-13 11:38:12','2026-03-13 11:38:12'),(556,15,13,14,'2026-03-12','14:30:00',NULL,'present',5,NULL,'2026-03-13 11:38:12','2026-03-13 11:38:12'),(557,6,14,14,'2026-03-12','14:30:00',NULL,'present',5,NULL,'2026-03-13 11:38:12','2026-03-13 11:38:12'),(558,9,14,14,'2026-03-12',NULL,NULL,'excused',5,NULL,'2026-03-13 11:38:12','2026-03-13 11:38:12'),(559,10,14,14,'2026-03-12','14:33:00',NULL,'present',5,NULL,'2026-03-13 11:38:12','2026-03-13 11:38:12'),(560,11,14,14,'2026-03-12','14:34:00',NULL,'present',5,NULL,'2026-03-13 11:38:12','2026-03-13 11:38:12'),(561,16,14,14,'2026-03-12',NULL,NULL,'absent',5,NULL,'2026-03-13 11:38:12','2026-03-13 11:38:12'),(562,12,15,14,'2026-03-12','14:56:00',NULL,'late',5,NULL,'2026-03-13 11:38:12','2026-03-13 11:38:12'),(563,13,15,14,'2026-03-12','14:33:00',NULL,'present',5,NULL,'2026-03-13 11:38:12','2026-03-13 11:38:12'),(564,14,15,14,'2026-03-12','14:41:00',NULL,'late',5,NULL,'2026-03-13 11:38:12','2026-03-13 11:38:12'),(565,3,16,15,'2026-03-12','08:05:00',NULL,'present',5,NULL,'2026-03-13 11:38:12','2026-03-13 11:38:12'),(566,7,16,15,'2026-03-12',NULL,NULL,'absent',5,NULL,'2026-03-13 11:38:12','2026-03-13 11:38:12'),(567,8,16,15,'2026-03-12','08:01:00',NULL,'present',5,NULL,'2026-03-13 11:38:12','2026-03-13 11:38:12'),(568,15,16,15,'2026-03-12','08:02:00',NULL,'present',5,NULL,'2026-03-13 11:38:12','2026-03-13 11:38:12'),(569,6,17,15,'2026-03-12','08:00:00',NULL,'present',5,NULL,'2026-03-13 11:38:12','2026-03-13 11:38:12'),(570,9,17,15,'2026-03-12','08:00:00',NULL,'present',5,NULL,'2026-03-13 11:38:12','2026-03-13 11:38:12'),(571,10,17,15,'2026-03-12','08:11:00',NULL,'late',5,NULL,'2026-03-13 11:38:12','2026-03-13 11:38:12'),(572,11,17,15,'2026-03-12',NULL,NULL,'absent',5,NULL,'2026-03-13 11:38:12','2026-03-13 11:38:12'),(573,16,17,15,'2026-03-12',NULL,NULL,'excused',5,NULL,'2026-03-13 11:38:12','2026-03-13 11:38:12'),(574,12,18,15,'2026-03-12','08:00:00',NULL,'present',5,NULL,'2026-03-13 11:38:12','2026-03-13 11:38:12'),(575,13,18,15,'2026-03-12','08:01:00',NULL,'present',5,NULL,'2026-03-13 11:38:12','2026-03-13 11:38:12'),(576,14,18,15,'2026-03-12','08:02:00',NULL,'present',5,NULL,'2026-03-13 11:38:12','2026-03-13 11:38:12'),(577,3,19,16,'2026-03-12','09:51:00',NULL,'late',1,NULL,'2026-03-13 11:38:12','2026-03-13 11:38:12'),(578,7,19,16,'2026-03-12','09:32:00',NULL,'present',1,NULL,'2026-03-13 11:38:12','2026-03-13 11:38:12'),(579,8,19,16,'2026-03-12','09:58:00',NULL,'late',1,NULL,'2026-03-13 11:38:12','2026-03-13 11:38:12'),(580,15,19,16,'2026-03-12','09:32:00',NULL,'present',1,NULL,'2026-03-13 11:38:12','2026-03-13 11:38:12'),(581,6,20,16,'2026-03-12','09:34:00',NULL,'present',1,NULL,'2026-03-13 11:38:12','2026-03-13 11:38:12'),(582,9,20,16,'2026-03-12',NULL,NULL,'excused',1,NULL,'2026-03-13 11:38:12','2026-03-13 11:38:12'),(583,10,20,16,'2026-03-12','09:30:00',NULL,'present',1,NULL,'2026-03-13 11:38:12','2026-03-13 11:38:12'),(584,11,20,16,'2026-03-12','09:30:00',NULL,'present',1,NULL,'2026-03-13 11:38:12','2026-03-13 11:38:12'),(585,16,20,16,'2026-03-12','09:31:00',NULL,'present',1,NULL,'2026-03-13 11:38:12','2026-03-13 11:38:12'),(586,12,21,16,'2026-03-12','09:45:00',NULL,'late',1,NULL,'2026-03-13 11:38:12','2026-03-13 11:38:12'),(587,13,21,16,'2026-03-12',NULL,NULL,'excused',1,NULL,'2026-03-13 11:38:12','2026-03-13 11:38:12'),(588,14,21,16,'2026-03-12','09:35:00',NULL,'present',1,NULL,'2026-03-13 11:38:12','2026-03-13 11:38:12'),(593,3,23,10,'2026-03-14','13:00:00','13:30:00','present',1,NULL,'2026-03-14 04:58:01','2026-03-14 04:58:01'),(594,7,23,10,'2026-03-14','11:58:01','13:30:00','late',1,NULL,'2026-03-14 04:58:01','2026-03-14 04:58:01'),(595,8,23,10,'2026-03-14',NULL,NULL,'absent',1,NULL,'2026-03-14 04:58:01','2026-03-14 04:58:01'),(596,15,23,10,'2026-03-14','13:00:00','13:30:00','present',1,NULL,'2026-03-14 04:58:01','2026-03-14 04:58:01'),(597,3,24,10,'2026-03-14','11:00:00','12:30:00','present',1,NULL,'2026-03-14 06:03:43','2026-03-14 06:03:43'),(598,7,24,10,'2026-03-14','13:03:43','12:30:00','late',1,NULL,'2026-03-14 06:03:43','2026-03-14 06:03:43'),(599,8,24,10,'2026-03-14',NULL,NULL,'absent',1,NULL,'2026-03-14 06:03:43','2026-03-14 06:03:43'),(600,15,24,10,'2026-03-14',NULL,NULL,'excused',1,NULL,'2026-03-14 06:03:43','2026-03-14 06:03:43');
/*!40000 ALTER TABLE `attendances` ENABLE KEYS */;
UNLOCK TABLES;

--
-- Table structure for table `cache`
--

DROP TABLE IF EXISTS `cache`;
/*!40101 SET @saved_cs_client     = @@character_set_client */;
/*!50503 SET character_set_client = utf8mb4 */;
CREATE TABLE `cache` (
  `key` varchar(255) COLLATE utf8mb4_unicode_ci NOT NULL,
  `value` mediumtext COLLATE utf8mb4_unicode_ci NOT NULL,
  `expiration` int NOT NULL,
  PRIMARY KEY (`key`)
) ENGINE=InnoDB DEFAULT CHARSET=utf8mb4 COLLATE=utf8mb4_unicode_ci;
/*!40101 SET character_set_client = @saved_cs_client */;

--
-- Dumping data for table `cache`
--

LOCK TABLES `cache` WRITE;
/*!40000 ALTER TABLE `cache` DISABLE KEYS */;
/*!40000 ALTER TABLE `cache` ENABLE KEYS */;
UNLOCK TABLES;

--
-- Table structure for table `cache_locks`
--

DROP TABLE IF EXISTS `cache_locks`;
/*!40101 SET @saved_cs_client     = @@character_set_client */;
/*!50503 SET character_set_client = utf8mb4 */;
CREATE TABLE `cache_locks` (
  `key` varchar(255) COLLATE utf8mb4_unicode_ci NOT NULL,
  `owner` varchar(255) COLLATE utf8mb4_unicode_ci NOT NULL,
  `expiration` int NOT NULL,
  PRIMARY KEY (`key`)
) ENGINE=InnoDB DEFAULT CHARSET=utf8mb4 COLLATE=utf8mb4_unicode_ci;
/*!40101 SET character_set_client = @saved_cs_client */;

--
-- Dumping data for table `cache_locks`
--

LOCK TABLES `cache_locks` WRITE;
/*!40000 ALTER TABLE `cache_locks` DISABLE KEYS */;
/*!40000 ALTER TABLE `cache_locks` ENABLE KEYS */;
UNLOCK TABLES;

--
-- Table structure for table `failed_jobs`
--

DROP TABLE IF EXISTS `failed_jobs`;
/*!40101 SET @saved_cs_client     = @@character_set_client */;
/*!50503 SET character_set_client = utf8mb4 */;
CREATE TABLE `failed_jobs` (
  `id` bigint unsigned NOT NULL AUTO_INCREMENT,
  `uuid` varchar(255) COLLATE utf8mb4_unicode_ci NOT NULL,
  `connection` text COLLATE utf8mb4_unicode_ci NOT NULL,
  `queue` text COLLATE utf8mb4_unicode_ci NOT NULL,
  `payload` longtext COLLATE utf8mb4_unicode_ci NOT NULL,
  `exception` longtext COLLATE utf8mb4_unicode_ci NOT NULL,
  `failed_at` timestamp NOT NULL DEFAULT CURRENT_TIMESTAMP,
  PRIMARY KEY (`id`),
  UNIQUE KEY `failed_jobs_uuid_unique` (`uuid`)
) ENGINE=InnoDB DEFAULT CHARSET=utf8mb4 COLLATE=utf8mb4_unicode_ci;
/*!40101 SET character_set_client = @saved_cs_client */;

--
-- Dumping data for table `failed_jobs`
--

LOCK TABLES `failed_jobs` WRITE;
/*!40000 ALTER TABLE `failed_jobs` DISABLE KEYS */;
/*!40000 ALTER TABLE `failed_jobs` ENABLE KEYS */;
UNLOCK TABLES;

--
-- Table structure for table `job_batches`
--

DROP TABLE IF EXISTS `job_batches`;
/*!40101 SET @saved_cs_client     = @@character_set_client */;
/*!50503 SET character_set_client = utf8mb4 */;
CREATE TABLE `job_batches` (
  `id` varchar(255) COLLATE utf8mb4_unicode_ci NOT NULL,
  `name` varchar(255) COLLATE utf8mb4_unicode_ci NOT NULL,
  `total_jobs` int NOT NULL,
  `pending_jobs` int NOT NULL,
  `failed_jobs` int NOT NULL,
  `failed_job_ids` longtext COLLATE utf8mb4_unicode_ci NOT NULL,
  `options` mediumtext COLLATE utf8mb4_unicode_ci,
  `cancelled_at` int DEFAULT NULL,
  `created_at` int NOT NULL,
  `finished_at` int DEFAULT NULL,
  PRIMARY KEY (`id`)
) ENGINE=InnoDB DEFAULT CHARSET=utf8mb4 COLLATE=utf8mb4_unicode_ci;
/*!40101 SET character_set_client = @saved_cs_client */;

--
-- Dumping data for table `job_batches`
--

LOCK TABLES `job_batches` WRITE;
/*!40000 ALTER TABLE `job_batches` DISABLE KEYS */;
/*!40000 ALTER TABLE `job_batches` ENABLE KEYS */;
UNLOCK TABLES;

--
-- Table structure for table `jobs`
--

DROP TABLE IF EXISTS `jobs`;
/*!40101 SET @saved_cs_client     = @@character_set_client */;
/*!50503 SET character_set_client = utf8mb4 */;
CREATE TABLE `jobs` (
  `id` bigint unsigned NOT NULL AUTO_INCREMENT,
  `queue` varchar(255) COLLATE utf8mb4_unicode_ci NOT NULL,
  `payload` longtext COLLATE utf8mb4_unicode_ci NOT NULL,
  `attempts` tinyint unsigned NOT NULL,
  `reserved_at` int unsigned DEFAULT NULL,
  `available_at` int unsigned NOT NULL,
  `created_at` int unsigned NOT NULL,
  PRIMARY KEY (`id`),
  KEY `jobs_queue_index` (`queue`)
) ENGINE=InnoDB DEFAULT CHARSET=utf8mb4 COLLATE=utf8mb4_unicode_ci;
/*!40101 SET character_set_client = @saved_cs_client */;

--
-- Dumping data for table `jobs`
--

LOCK TABLES `jobs` WRITE;
/*!40000 ALTER TABLE `jobs` DISABLE KEYS */;
/*!40000 ALTER TABLE `jobs` ENABLE KEYS */;
UNLOCK TABLES;

--
-- Table structure for table `makeup_schedules`
--

DROP TABLE IF EXISTS `makeup_schedules`;
/*!40101 SET @saved_cs_client     = @@character_set_client */;
/*!50503 SET character_set_client = utf8mb4 */;
CREATE TABLE `makeup_schedules` (
  `id` bigint unsigned NOT NULL AUTO_INCREMENT,
  `class_id` bigint unsigned NOT NULL,
  `subject_id` bigint unsigned NOT NULL,
  `teacher_id` bigint unsigned NOT NULL,
  `semester_id` bigint unsigned NOT NULL,
  `makeup_date` date NOT NULL COMMENT 'วันที่เรียนชดเชย',
  `start_time` time NOT NULL,
  `end_time` time NOT NULL,
  `room` varchar(50) COLLATE utf8mb4_unicode_ci DEFAULT NULL,
  `notes` text COLLATE utf8mb4_unicode_ci COMMENT 'หมายเหตุเพิ่มเติม',
  `status` varchar(20) COLLATE utf8mb4_unicode_ci NOT NULL DEFAULT 'pending',
  `created_at` timestamp NULL DEFAULT NULL,
  `updated_at` timestamp NULL DEFAULT NULL,
  PRIMARY KEY (`id`),
  KEY `makeup_schedules_subject_id_foreign` (`subject_id`),
  KEY `makeup_schedules_teacher_id_makeup_date_index` (`teacher_id`,`makeup_date`),
  KEY `makeup_schedules_class_id_makeup_date_index` (`class_id`,`makeup_date`),
  KEY `makeup_schedules_semester_id_makeup_date_index` (`semester_id`,`makeup_date`),
  CONSTRAINT `makeup_schedules_class_id_foreign` FOREIGN KEY (`class_id`) REFERENCES `student_classes` (`id`) ON DELETE CASCADE,
  CONSTRAINT `makeup_schedules_semester_id_foreign` FOREIGN KEY (`semester_id`) REFERENCES `semesters` (`id`) ON DELETE CASCADE,
  CONSTRAINT `makeup_schedules_subject_id_foreign` FOREIGN KEY (`subject_id`) REFERENCES `subjects` (`id`) ON DELETE CASCADE,
  CONSTRAINT `makeup_schedules_teacher_id_foreign` FOREIGN KEY (`teacher_id`) REFERENCES `users` (`id`) ON DELETE CASCADE
) ENGINE=InnoDB AUTO_INCREMENT=14 DEFAULT CHARSET=utf8mb4 COLLATE=utf8mb4_unicode_ci;
/*!40101 SET character_set_client = @saved_cs_client */;

--
-- Dumping data for table `makeup_schedules`
--

LOCK TABLES `makeup_schedules` WRITE;
/*!40000 ALTER TABLE `makeup_schedules` DISABLE KEYS */;
INSERT INTO `makeup_schedules` VALUES (9,6,12,1,5,'2026-03-13','12:00:00','13:00:00','D401',NULL,'completed','2026-03-12 04:03:07','2026-03-12 04:03:11'),(10,6,16,1,5,'2026-03-14','13:30:00','14:00:00','A102',NULL,'completed','2026-03-14 04:34:42','2026-03-14 04:34:58'),(11,6,10,1,5,'2026-03-14','14:00:00','14:30:00','B201',NULL,'completed','2026-03-14 05:00:50','2026-03-14 05:03:48'),(12,6,10,1,5,'2026-03-14','11:00:00','12:00:00','A103',NULL,'completed','2026-03-14 05:09:47','2026-03-14 05:17:13'),(13,6,10,1,5,'2026-03-14','15:00:00','16:00:00','A103',NULL,'completed','2026-03-14 06:00:58','2026-03-14 06:02:02');
/*!40000 ALTER TABLE `makeup_schedules` ENABLE KEYS */;
UNLOCK TABLES;

--
-- Table structure for table `messages`
--

DROP TABLE IF EXISTS `messages`;
/*!40101 SET @saved_cs_client     = @@character_set_client */;
/*!50503 SET character_set_client = utf8mb4 */;
CREATE TABLE `messages` (
  `id` bigint unsigned NOT NULL AUTO_INCREMENT,
  `sender_id` bigint unsigned NOT NULL,
  `recipient_id` bigint unsigned NOT NULL,
  `subject` varchar(255) COLLATE utf8mb4_unicode_ci DEFAULT NULL,
  `message` longtext COLLATE utf8mb4_unicode_ci NOT NULL,
  `is_read` tinyint(1) NOT NULL DEFAULT '0',
  `read_at` timestamp NULL DEFAULT NULL,
  `sender_deleted_at` timestamp NULL DEFAULT NULL,
  `recipient_deleted_at` timestamp NULL DEFAULT NULL,
  `created_at` timestamp NULL DEFAULT NULL,
  `updated_at` timestamp NULL DEFAULT NULL,
  PRIMARY KEY (`id`),
  KEY `messages_sender_id_index` (`sender_id`),
  KEY `messages_recipient_id_index` (`recipient_id`),
  KEY `messages_is_read_index` (`is_read`),
  KEY `messages_sender_deleted_at_index` (`sender_deleted_at`),
  KEY `messages_recipient_deleted_at_index` (`recipient_deleted_at`),
  CONSTRAINT `messages_recipient_id_foreign` FOREIGN KEY (`recipient_id`) REFERENCES `users` (`id`) ON DELETE CASCADE,
  CONSTRAINT `messages_sender_id_foreign` FOREIGN KEY (`sender_id`) REFERENCES `users` (`id`) ON DELETE CASCADE
) ENGINE=InnoDB AUTO_INCREMENT=51 DEFAULT CHARSET=utf8mb4 COLLATE=utf8mb4_unicode_ci;
/*!40101 SET character_set_client = @saved_cs_client */;

--
-- Dumping data for table `messages`
--

LOCK TABLES `messages` WRITE;
/*!40000 ALTER TABLE `messages` DISABLE KEYS */;
INSERT INTO `messages` VALUES (3,1,3,'ลากิจ','วันนี้ ไม่มีเรียน',1,'2026-02-27 01:21:39',NULL,'2026-02-27 02:02:54','2026-02-27 01:21:15','2026-02-27 02:02:54'),(4,2,1,'ทดสอบข้อความจาก Admin','นี่คือข้อความทดสอบจาก Admin ถึง Teacher001',1,'2026-02-27 03:51:03',NULL,'2026-03-01 23:12:50','2026-02-27 03:51:03','2026-03-01 23:12:50'),(5,2,3,'ทดสอบข้อความจาก Admin','นี่คือข้อความทดสอบจาก Admin ถึง Student001',1,'2026-02-27 03:51:03',NULL,'2026-03-01 23:14:17','2026-02-27 03:51:03','2026-03-01 23:14:17'),(6,1,3,'แจ้งเตือนจากอาจารย์','กรุณาส่งงานกลุ่มภายในสัปดาห์นี้',1,'2026-02-27 03:51:03',NULL,'2026-03-01 23:14:17','2026-02-27 03:51:03','2026-03-01 23:14:17'),(7,3,1,'สอบถามเกี่ยวกับงานกลุ่ม','อาจารย์ครับ ส่งงานช้า 1 วันได้ไหมครับ',1,'2026-02-27 04:36:06',NULL,'2026-03-01 23:12:50','2026-02-27 03:51:03','2026-03-01 23:12:50'),(8,1,3,'Re: สอบถามเกี่ยวกับงานกลุ่ม','ได้ครับ',1,'2026-02-28 23:43:25',NULL,'2026-03-01 23:14:17','2026-02-28 23:43:11','2026-03-01 23:14:17'),(9,1,3,'Re: สอบถามเกี่ยวกับงานกลุ่ม','งานไปถึงไไไหน',1,'2026-03-01 04:01:01',NULL,'2026-03-01 23:14:17','2026-03-01 03:32:00','2026-03-01 23:14:17'),(11,3,1,'kpk','asd',1,'2026-03-01 23:12:47',NULL,'2026-03-01 23:12:50','2026-03-01 03:46:26','2026-03-01 23:12:50'),(12,1,3,'ฟกห','ฟหก',1,'2026-03-01 04:01:01',NULL,'2026-03-01 23:14:17','2026-03-01 03:49:38','2026-03-01 23:14:17'),(13,3,1,NULL,'สวัสดีครับ',1,'2026-03-01 23:12:47',NULL,'2026-03-01 23:12:50','2026-03-01 21:33:25','2026-03-01 23:12:50'),(14,1,3,NULL,'วันนี้ลานะครับ',1,'2026-03-01 23:14:10',NULL,'2026-03-01 23:14:17','2026-03-01 21:48:38','2026-03-01 23:14:17'),(15,1,6,NULL,'วันนี้ลานะครับ',1,'2026-03-06 01:37:40',NULL,'2026-03-06 02:14:21','2026-03-01 21:48:38','2026-03-06 02:14:21'),(16,1,7,NULL,'วันนี้ลานะครับ',0,NULL,NULL,NULL,'2026-03-01 21:48:38','2026-03-01 21:48:38'),(17,1,8,NULL,'วันนี้ลานะครับ',0,NULL,NULL,'2026-03-01 23:51:51','2026-03-01 21:48:38','2026-03-01 23:51:51'),(18,1,15,NULL,'วันนี้ลานะครับ',0,NULL,NULL,NULL,'2026-03-01 21:48:38','2026-03-01 21:48:38'),(19,3,1,NULL,'สวัสดีครับ',1,'2026-03-01 23:38:20',NULL,'2026-03-06 02:14:30','2026-03-01 23:37:58','2026-03-06 02:14:30'),(20,1,3,'Re: ไม่มีหัวข้อ','สวัสดีครับ',1,'2026-03-01 23:38:56',NULL,'2026-03-08 13:55:41','2026-03-01 23:38:30','2026-03-08 13:55:41'),(21,1,3,'Re: ไม่มีหัวข้อ','ว่าไงครับ',1,'2026-03-01 23:39:49',NULL,'2026-03-08 13:55:41','2026-03-01 23:39:26','2026-03-08 13:55:41'),(22,1,6,NULL,'สวสว',1,'2026-03-06 01:37:40',NULL,'2026-03-06 02:14:21','2026-03-01 23:50:41','2026-03-06 02:14:21'),(23,1,7,NULL,'สวสว',0,NULL,NULL,NULL,'2026-03-01 23:50:41','2026-03-01 23:50:41'),(24,1,8,NULL,'สวสว',1,'2026-03-01 23:51:54',NULL,NULL,'2026-03-01 23:50:41','2026-03-01 23:51:54'),(25,1,15,NULL,'สวสว',0,NULL,NULL,NULL,'2026-03-01 23:50:41','2026-03-01 23:50:41'),(26,6,1,'kpkjoj','ไ',1,'2026-03-06 02:13:45',NULL,'2026-03-06 02:14:30','2026-03-06 02:13:29','2026-03-06 02:14:30'),(27,1,6,'Re: kpkjoj','ฟหก',1,'2026-03-06 02:14:18',NULL,'2026-03-06 02:14:21','2026-03-06 02:13:49','2026-03-06 02:14:21'),(28,1,3,'Re: สอบถามเกี่ยวกับงานกลุ่ม','งานถึงไหนแล้ว',1,'2026-03-08 14:09:19',NULL,NULL,'2026-03-08 14:08:51','2026-03-08 14:09:19'),(29,1,7,'Re: สอบถามเกี่ยวกับงานกลุ่ม','งานถึงไหนแล้ว',0,NULL,NULL,NULL,'2026-03-08 14:08:51','2026-03-08 14:08:51'),(30,1,8,'Re: สอบถามเกี่ยวกับงานกลุ่ม','งานถึงไหนแล้ว',0,NULL,NULL,NULL,'2026-03-08 14:08:51','2026-03-08 14:08:51'),(31,1,15,'Re: สอบถามเกี่ยวกับงานกลุ่ม','งานถึงไหนแล้ว',0,NULL,NULL,NULL,'2026-03-08 14:08:51','2026-03-08 14:08:51'),(32,3,1,NULL,'สวัสดี',1,'2026-03-12 15:41:25',NULL,NULL,'2026-03-12 15:41:07','2026-03-12 15:41:25'),(33,1,3,'Re: ไม่มีหัวข้อ','25518',1,'2026-03-12 15:41:38',NULL,NULL,'2026-03-12 15:41:33','2026-03-12 15:41:38'),(34,3,1,'Re: ไม่มีหัวข้อ','HElldiver 2 เปล่า',1,'2026-03-12 15:42:12',NULL,'2026-03-13 17:59:19','2026-03-12 15:41:49','2026-03-13 17:59:19'),(35,5,16,'แจ้งข้อมูล','อาจารย์ครับ ผมขาดเรียนเพราะป่วย จะต้องทำอย่างไรครับ',1,NULL,NULL,NULL,'2026-03-07 04:47:00','2026-03-07 04:47:00'),(36,16,4,'แจ้งข้อมูล','อาจารย์ครับ ผมขาดเรียนเพราะป่วย จะต้องทำอย่างไรครับ',0,NULL,NULL,NULL,'2026-03-07 10:32:00','2026-03-07 10:32:00'),(37,15,5,'แจ้งข้อมูล','มีคำถามเรื่องเนื้อหาที่เรียนไปแล้ว สอบถามได้เลยครับ',0,NULL,NULL,NULL,'2026-03-08 12:03:00','2026-03-08 12:03:00'),(38,14,5,'แจ้งข้อมูล','นักศึกษาคนใดมีข้อสงสัยเรื่องการบ้านติดต่ออาจารย์ได้เลยนะครับ',0,NULL,NULL,NULL,'2026-03-08 04:56:00','2026-03-08 04:56:00'),(39,16,4,'แจ้งข้อมูล','อย่าลืมส่งรายงานภายในสัปดาห์หน้าครับ',1,NULL,NULL,NULL,'2026-03-09 01:52:00','2026-03-09 01:52:00'),(40,13,5,'แจ้งข้อมูล','มีคำถามเรื่องเนื้อหาที่เรียนไปแล้ว สอบถามได้เลยครับ',1,NULL,NULL,NULL,'2026-03-09 12:56:00','2026-03-09 12:56:00'),(41,7,4,'แจ้งข้อมูล','อาจารย์ขอเลื่อนเวลาเรียนพิเศษเป็น 15.00 น. นะครับ',0,NULL,NULL,NULL,'2026-03-09 12:11:00','2026-03-09 12:11:00'),(42,12,5,'แจ้งข้อมูล','มีคำถามเรื่องเนื้อหาที่เรียนไปแล้ว สอบถามได้เลยครับ',1,NULL,NULL,NULL,'2026-03-10 09:44:00','2026-03-10 09:44:00'),(43,5,15,'แจ้งข้อมูล','อย่าลืมส่งรายงานภายในสัปดาห์หน้าครับ',1,NULL,NULL,NULL,'2026-03-10 03:45:00','2026-03-10 03:45:00'),(44,11,4,'แจ้งข้อมูล','วันพรุ่งนี้มีการสอบย่อย เตรียมตัวให้พร้อมนะครับ',1,NULL,NULL,NULL,'2026-03-11 05:53:00','2026-03-11 05:53:00'),(45,14,5,'แจ้งข้อมูล','ขอบคุณอาจารย์มากครับที่อธิบายให้ฟัง',1,NULL,NULL,NULL,'2026-03-11 05:09:00','2026-03-11 05:09:00'),(46,1,10,'แจ้งข้อมูล','นักศึกษาคนใดมีข้อสงสัยเรื่องการบ้านติดต่ออาจารย์ได้เลยนะครับ',1,NULL,NULL,NULL,'2026-03-11 04:35:00','2026-03-11 04:35:00'),(47,8,5,'แจ้งข้อมูล','วันพรุ่งนี้มีการสอบย่อย เตรียมตัวให้พร้อมนะครับ',1,NULL,NULL,NULL,'2026-03-12 02:29:00','2026-03-12 02:29:00'),(48,3,4,'แจ้งข้อมูล','อาจารย์ครับ ผมขาดเรียนเพราะป่วย จะต้องทำอย่างไรครับ',0,NULL,NULL,NULL,'2026-03-12 03:24:00','2026-03-12 03:24:00'),(49,16,5,'แจ้งข้อมูล','วันพรุ่งนี้มีการสอบย่อย เตรียมตัวให้พร้อมนะครับ',0,NULL,NULL,NULL,'2026-03-13 06:17:00','2026-03-13 06:17:00'),(50,5,7,'แจ้งข้อมูล','อย่าลืมอ่านหนังสือเตรียมสำหรับบทเรียนหน้านะครับ',1,NULL,NULL,NULL,'2026-03-13 07:52:00','2026-03-13 07:52:00');
/*!40000 ALTER TABLE `messages` ENABLE KEYS */;
UNLOCK TABLES;

--
-- Table structure for table `migrations`
--

DROP TABLE IF EXISTS `migrations`;
/*!40101 SET @saved_cs_client     = @@character_set_client */;
/*!50503 SET character_set_client = utf8mb4 */;
CREATE TABLE `migrations` (
  `id` int unsigned NOT NULL AUTO_INCREMENT,
  `migration` varchar(255) COLLATE utf8mb4_unicode_ci NOT NULL,
  `batch` int NOT NULL,
  PRIMARY KEY (`id`)
) ENGINE=InnoDB AUTO_INCREMENT=20 DEFAULT CHARSET=utf8mb4 COLLATE=utf8mb4_unicode_ci;
/*!40101 SET character_set_client = @saved_cs_client */;

--
-- Dumping data for table `migrations`
--

LOCK TABLES `migrations` WRITE;
/*!40000 ALTER TABLE `migrations` DISABLE KEYS */;
INSERT INTO `migrations` VALUES (1,'0001_01_01_000000_create_users_table',1),(2,'0001_01_01_000001_create_cache_table',1),(3,'0001_01_01_000002_create_jobs_table',1),(4,'2026_02_10_000001_update_users_table_for_attendance',1),(5,'2026_02_10_000002_create_student_classes_table',1),(6,'2026_02_10_000003_create_subjects_table',1),(7,'2026_02_10_000004_create_schedules_table',1),(8,'2026_02_10_000005_create_attendances_table',1),(9,'2026_02_10_000006_add_foreign_key_class_id_to_users_table',1),(10,'2026_02_10_000007_add_last_login_at_to_users_table',1),(11,'2026_02_10_000008_create_semesters_table',1),(12,'2026_02_10_000009_create_messages_table',1),(13,'2026_02_10_000010_add_semester_id_to_schedules_table',1),(14,'2026_02_24_053008_create_announcements_table',2),(15,'2026_02_27_120000_add_side_delete_columns_to_messages_table',3),(16,'2026_03_01_000001_create_notifications_table',4),(17,'2026_03_07_000011_create_makeup_schedules_table',5),(19,'2026_03_08_215848_add_status_to_makeup_schedules_table',6);
/*!40000 ALTER TABLE `migrations` ENABLE KEYS */;
UNLOCK TABLES;

--
-- Table structure for table `notifications`
--

DROP TABLE IF EXISTS `notifications`;
/*!40101 SET @saved_cs_client     = @@character_set_client */;
/*!50503 SET character_set_client = utf8mb4 */;
CREATE TABLE `notifications` (
  `id` bigint unsigned NOT NULL AUTO_INCREMENT,
  `user_id` bigint unsigned NOT NULL,
  `type` varchar(255) COLLATE utf8mb4_unicode_ci NOT NULL,
  `title` varchar(255) COLLATE utf8mb4_unicode_ci NOT NULL,
  `body` text COLLATE utf8mb4_unicode_ci,
  `icon` varchar(255) COLLATE utf8mb4_unicode_ci NOT NULL DEFAULT 'bell',
  `link` varchar(255) COLLATE utf8mb4_unicode_ci DEFAULT NULL,
  `related_id` bigint unsigned DEFAULT NULL,
  `related_type` varchar(255) COLLATE utf8mb4_unicode_ci DEFAULT NULL,
  `is_read` tinyint(1) NOT NULL DEFAULT '0',
  `read_at` timestamp NULL DEFAULT NULL,
  `created_at` timestamp NULL DEFAULT NULL,
  `updated_at` timestamp NULL DEFAULT NULL,
  PRIMARY KEY (`id`),
  KEY `notifications_user_id_is_read_created_at_index` (`user_id`,`is_read`,`created_at`),
  CONSTRAINT `notifications_user_id_foreign` FOREIGN KEY (`user_id`) REFERENCES `users` (`id`) ON DELETE CASCADE
) ENGINE=InnoDB AUTO_INCREMENT=2 DEFAULT CHARSET=utf8mb4 COLLATE=utf8mb4_unicode_ci;
/*!40101 SET character_set_client = @saved_cs_client */;

--
-- Dumping data for table `notifications`
--

LOCK TABLES `notifications` WRITE;
/*!40000 ALTER TABLE `notifications` DISABLE KEYS */;
INSERT INTO `notifications` VALUES (1,2,'message','ข้อความใหม่','Teacher001 ส่งข้อความถึงคุณ: Re: สอบถามเกี่ยวกับงานกลุ่ม','envelope','http://127.0.0.1:8000/messages/10',10,'App\\Models\\Message',1,'2026-03-01 03:43:01','2026-03-01 03:39:33','2026-03-01 03:43:01');
/*!40000 ALTER TABLE `notifications` ENABLE KEYS */;
UNLOCK TABLES;

--
-- Table structure for table `password_reset_tokens`
--

DROP TABLE IF EXISTS `password_reset_tokens`;
/*!40101 SET @saved_cs_client     = @@character_set_client */;
/*!50503 SET character_set_client = utf8mb4 */;
CREATE TABLE `password_reset_tokens` (
  `email` varchar(255) COLLATE utf8mb4_unicode_ci NOT NULL,
  `token` varchar(255) COLLATE utf8mb4_unicode_ci NOT NULL,
  `created_at` timestamp NULL DEFAULT NULL,
  PRIMARY KEY (`email`)
) ENGINE=InnoDB DEFAULT CHARSET=utf8mb4 COLLATE=utf8mb4_unicode_ci;
/*!40101 SET character_set_client = @saved_cs_client */;

--
-- Dumping data for table `password_reset_tokens`
--

LOCK TABLES `password_reset_tokens` WRITE;
/*!40000 ALTER TABLE `password_reset_tokens` DISABLE KEYS */;
/*!40000 ALTER TABLE `password_reset_tokens` ENABLE KEYS */;
UNLOCK TABLES;

--
-- Table structure for table `schedules`
--

DROP TABLE IF EXISTS `schedules`;
/*!40101 SET @saved_cs_client     = @@character_set_client */;
/*!50503 SET character_set_client = utf8mb4 */;
CREATE TABLE `schedules` (
  `id` bigint unsigned NOT NULL AUTO_INCREMENT,
  `class_id` bigint unsigned NOT NULL,
  `subject_id` bigint unsigned NOT NULL,
  `teacher_id` bigint unsigned NOT NULL,
  `day_of_week` varchar(255) COLLATE utf8mb4_unicode_ci NOT NULL COMMENT 'M, T, W, TH, F, SA, SU',
  `start_time` time NOT NULL,
  `end_time` time NOT NULL,
  `room` varchar(255) COLLATE utf8mb4_unicode_ci DEFAULT NULL COMMENT 'ห้องเรียน',
  `semester` int NOT NULL COMMENT 'ภาคเรียน 1 หรือ 2',
  `academic_year` year NOT NULL COMMENT 'ปีการศึกษา',
  `created_at` timestamp NULL DEFAULT NULL,
  `updated_at` timestamp NULL DEFAULT NULL,
  `semester_id` bigint unsigned DEFAULT NULL,
  PRIMARY KEY (`id`),
  KEY `schedules_class_id_foreign` (`class_id`),
  KEY `schedules_subject_id_foreign` (`subject_id`),
  KEY `schedules_teacher_id_foreign` (`teacher_id`),
  KEY `schedules_semester_id_foreign` (`semester_id`),
  CONSTRAINT `schedules_class_id_foreign` FOREIGN KEY (`class_id`) REFERENCES `student_classes` (`id`) ON DELETE CASCADE,
  CONSTRAINT `schedules_semester_id_foreign` FOREIGN KEY (`semester_id`) REFERENCES `semesters` (`id`) ON DELETE SET NULL,
  CONSTRAINT `schedules_subject_id_foreign` FOREIGN KEY (`subject_id`) REFERENCES `subjects` (`id`) ON DELETE CASCADE,
  CONSTRAINT `schedules_teacher_id_foreign` FOREIGN KEY (`teacher_id`) REFERENCES `users` (`id`) ON DELETE CASCADE
) ENGINE=InnoDB AUTO_INCREMENT=25 DEFAULT CHARSET=utf8mb4 COLLATE=utf8mb4_unicode_ci;
/*!40101 SET character_set_client = @saved_cs_client */;

--
-- Dumping data for table `schedules`
--

LOCK TABLES `schedules` WRITE;
/*!40000 ALTER TABLE `schedules` DISABLE KEYS */;
INSERT INTO `schedules` VALUES (1,6,10,1,'M','08:00:00','09:30:00','A101',1,2026,'2026-03-13 11:38:09','2026-03-13 11:38:09',NULL),(2,7,10,1,'M','08:00:00','09:30:00','B201',1,2026,'2026-03-13 11:38:09','2026-03-13 11:38:09',NULL),(3,8,10,1,'M','08:00:00','09:30:00','C301',1,2026,'2026-03-13 11:38:09','2026-03-13 11:38:09',NULL),(4,6,11,1,'T','09:30:00','11:00:00','A102',1,2026,'2026-03-13 11:38:09','2026-03-13 11:38:09',NULL),(5,7,11,1,'T','09:30:00','11:00:00','B202',1,2026,'2026-03-13 11:38:09','2026-03-13 11:38:09',NULL),(6,8,11,1,'T','09:30:00','11:00:00','C302',1,2026,'2026-03-13 11:38:09','2026-03-13 11:38:09',NULL),(7,6,12,4,'W','11:00:00','12:30:00','A103',1,2026,'2026-03-13 11:38:09','2026-03-13 11:38:09',NULL),(8,7,12,4,'W','11:00:00','12:30:00','B203',1,2026,'2026-03-13 11:38:09','2026-03-13 11:38:09',NULL),(9,8,12,4,'W','11:00:00','12:30:00','D401',1,2026,'2026-03-13 11:38:09','2026-03-13 11:38:09',NULL),(10,6,13,1,'TH','13:00:00','14:30:00','B201',1,2026,'2026-03-13 11:38:09','2026-03-13 11:38:09',NULL),(11,7,13,1,'TH','13:00:00','14:30:00','C301',1,2026,'2026-03-13 11:38:09','2026-03-13 11:38:09',NULL),(12,8,13,1,'TH','13:00:00','14:30:00','D402',1,2026,'2026-03-13 11:38:09','2026-03-13 11:38:09',NULL),(13,6,14,5,'F','14:30:00','16:00:00','B202',1,2026,'2026-03-13 11:38:09','2026-03-13 11:38:09',NULL),(14,7,14,5,'F','14:30:00','16:00:00','C302',1,2026,'2026-03-13 11:38:09','2026-03-13 11:38:09',NULL),(15,8,14,5,'F','14:30:00','16:00:00','A101',1,2026,'2026-03-13 11:38:09','2026-03-13 11:38:09',NULL),(16,6,15,5,'M','08:00:00','09:30:00','B203',1,2026,'2026-03-13 11:38:09','2026-03-13 11:38:09',NULL),(17,7,15,5,'M','08:00:00','09:30:00','D401',1,2026,'2026-03-13 11:38:09','2026-03-13 11:38:09',NULL),(18,8,15,5,'M','08:00:00','09:30:00','A102',1,2026,'2026-03-13 11:38:09','2026-03-13 11:38:09',NULL),(19,6,16,1,'T','09:30:00','11:00:00','C301',1,2026,'2026-03-13 11:38:09','2026-03-13 11:38:09',NULL),(20,7,16,1,'T','09:30:00','11:00:00','D402',1,2026,'2026-03-13 11:38:09','2026-03-13 11:38:09',NULL),(21,8,16,1,'T','09:30:00','11:00:00','A103',1,2026,'2026-03-13 11:38:09','2026-03-13 11:38:09',NULL),(23,6,10,1,'SA','13:00:00','13:30:00','A101',1,2026,'2026-03-14 04:57:28','2026-03-14 04:57:28',5),(24,6,10,1,'SA','11:00:00','12:30:00','A101',1,2026,'2026-03-14 05:56:34','2026-03-14 05:56:34',5);
/*!40000 ALTER TABLE `schedules` ENABLE KEYS */;
UNLOCK TABLES;

--
-- Table structure for table `semesters`
--

DROP TABLE IF EXISTS `semesters`;
/*!40101 SET @saved_cs_client     = @@character_set_client */;
/*!50503 SET character_set_client = utf8mb4 */;
CREATE TABLE `semesters` (
  `id` bigint unsigned NOT NULL AUTO_INCREMENT,
  `name` varchar(255) COLLATE utf8mb4_unicode_ci NOT NULL,
  `start_date` date NOT NULL,
  `end_date` date NOT NULL,
  `year` int NOT NULL,
  `is_active` tinyint(1) NOT NULL DEFAULT '0',
  `created_at` timestamp NULL DEFAULT NULL,
  `updated_at` timestamp NULL DEFAULT NULL,
  PRIMARY KEY (`id`)
) ENGINE=InnoDB AUTO_INCREMENT=6 DEFAULT CHARSET=utf8mb4 COLLATE=utf8mb4_unicode_ci;
/*!40101 SET character_set_client = @saved_cs_client */;

--
-- Dumping data for table `semesters`
--

LOCK TABLES `semesters` WRITE;
/*!40000 ALTER TABLE `semesters` DISABLE KEYS */;
INSERT INTO `semesters` VALUES (5,'ภาคเรียน ที่ 1','2026-02-20','2026-03-27',2569,1,'2026-02-27 02:50:57','2026-02-27 02:50:57');
/*!40000 ALTER TABLE `semesters` ENABLE KEYS */;
UNLOCK TABLES;

--
-- Table structure for table `sessions`
--

DROP TABLE IF EXISTS `sessions`;
/*!40101 SET @saved_cs_client     = @@character_set_client */;
/*!50503 SET character_set_client = utf8mb4 */;
CREATE TABLE `sessions` (
  `id` varchar(255) COLLATE utf8mb4_unicode_ci NOT NULL,
  `user_id` bigint unsigned DEFAULT NULL,
  `ip_address` varchar(45) COLLATE utf8mb4_unicode_ci DEFAULT NULL,
  `user_agent` text COLLATE utf8mb4_unicode_ci,
  `payload` longtext COLLATE utf8mb4_unicode_ci NOT NULL,
  `last_activity` int NOT NULL,
  PRIMARY KEY (`id`),
  KEY `sessions_user_id_index` (`user_id`),
  KEY `sessions_last_activity_index` (`last_activity`)
) ENGINE=InnoDB DEFAULT CHARSET=utf8mb4 COLLATE=utf8mb4_unicode_ci;
/*!40101 SET character_set_client = @saved_cs_client */;

--
-- Dumping data for table `sessions`
--

LOCK TABLES `sessions` WRITE;
/*!40000 ALTER TABLE `sessions` DISABLE KEYS */;
INSERT INTO `sessions` VALUES ('ABqAvHJncpnX3Kkr40ZL0VsNFc9vGYi3MVFjqZs2',1,'127.0.0.1','Mozilla/5.0 (Windows NT 10.0; Win64; x64) AppleWebKit/537.36 (KHTML, like Gecko) Chrome/145.0.0.0 Safari/537.36','YTo0OntzOjY6Il90b2tlbiI7czo0MDoiUmI0eUtaUGxTWm5OajljQTM0cnRHNVlZVmdGcGZpWW1WcmpBVlJzRyI7czo2OiJfZmxhc2giO2E6Mjp7czozOiJvbGQiO2E6MDp7fXM6MzoibmV3IjthOjA6e319czo5OiJfcHJldmlvdXMiO2E6Mjp7czozOiJ1cmwiO3M6NTA6Imh0dHA6Ly8xMjcuMC4wLjE6ODAwMC9yZXBvcnRzL3N0dWRlbnQvMz9zdWJqZWN0PTEwIjtzOjU6InJvdXRlIjtzOjI0OiJyZXBvcnRzLmluZGl2aWR1YWxSZXBvcnQiO31zOjUwOiJsb2dpbl93ZWJfNTliYTM2YWRkYzJiMmY5NDAxNTgwZjAxNGM3ZjU4ZWE0ZTMwOTg5ZCI7aToxO30=',1773733992),('di4CEr1LDvjPXUADfxWIH7Uz3JUl350acAVuEu0k',3,'127.0.0.1','Mozilla/5.0 (Windows NT 10.0; Win64; x64) AppleWebKit/537.36 (KHTML, like Gecko) Chrome/146.0.0.0 Safari/537.36 Edg/146.0.0.0','YTo0OntzOjY6Il90b2tlbiI7czo0MDoiaE5aMnk4N25GT2V1S3NBU3VyeE1IMHpxREwyakJDTTQ3c05uRW9UNiI7czo5OiJfcHJldmlvdXMiO2E6Mjp7czozOiJ1cmwiO3M6NDM6Imh0dHA6Ly8xMjcuMC4wLjE6ODAwMC9yZXBvcnRzL3N0dWRlbnQvMy9wZGYiO3M6NToicm91dGUiO3M6Mjc6InJlcG9ydHMuaW5kaXZpZHVhbFJlcG9ydFBkZiI7fXM6NjoiX2ZsYXNoIjthOjI6e3M6Mzoib2xkIjthOjA6e31zOjM6Im5ldyI7YTowOnt9fXM6NTA6ImxvZ2luX3dlYl81OWJhMzZhZGRjMmIyZjk0MDE1ODBmMDE0YzdmNThlYTRlMzA5ODlkIjtpOjM7fQ==',1773741952);
/*!40000 ALTER TABLE `sessions` ENABLE KEYS */;
UNLOCK TABLES;

--
-- Table structure for table `student_classes`
--

DROP TABLE IF EXISTS `student_classes`;
/*!40101 SET @saved_cs_client     = @@character_set_client */;
/*!50503 SET character_set_client = utf8mb4 */;
CREATE TABLE `student_classes` (
  `id` bigint unsigned NOT NULL AUTO_INCREMENT,
  `class_name` varchar(255) COLLATE utf8mb4_unicode_ci NOT NULL,
  `class_code` varchar(255) COLLATE utf8mb4_unicode_ci NOT NULL,
  `advisor_id` bigint unsigned DEFAULT NULL,
  `level` varchar(255) COLLATE utf8mb4_unicode_ci NOT NULL COMMENT 'เช่น ม.1, ม.2, ม.3',
  `description` text COLLATE utf8mb4_unicode_ci,
  `created_at` timestamp NULL DEFAULT NULL,
  `updated_at` timestamp NULL DEFAULT NULL,
  PRIMARY KEY (`id`),
  UNIQUE KEY `student_classes_class_code_unique` (`class_code`),
  KEY `student_classes_advisor_id_foreign` (`advisor_id`),
  CONSTRAINT `student_classes_advisor_id_foreign` FOREIGN KEY (`advisor_id`) REFERENCES `users` (`id`) ON DELETE SET NULL
) ENGINE=InnoDB AUTO_INCREMENT=10 DEFAULT CHARSET=utf8mb4 COLLATE=utf8mb4_unicode_ci;
/*!40101 SET character_set_client = @saved_cs_client */;

--
-- Dumping data for table `student_classes`
--

LOCK TABLES `student_classes` WRITE;
/*!40000 ALTER TABLE `student_classes` DISABLE KEYS */;
INSERT INTO `student_classes` VALUES (6,'ม.1/1','M1B2026',1,'ม.1',NULL,'2026-02-27 02:51:36','2026-02-27 02:51:36'),(7,'ม.1/2','M2B2026',4,'ม.1',NULL,'2026-02-27 02:52:05','2026-02-27 02:52:05'),(8,'ม.1/3','M3A2026',5,'ม.1',NULL,'2026-02-27 02:52:20','2026-02-27 02:52:20');
/*!40000 ALTER TABLE `student_classes` ENABLE KEYS */;
UNLOCK TABLES;

--
-- Table structure for table `subjects`
--

DROP TABLE IF EXISTS `subjects`;
/*!40101 SET @saved_cs_client     = @@character_set_client */;
/*!50503 SET character_set_client = utf8mb4 */;
CREATE TABLE `subjects` (
  `id` bigint unsigned NOT NULL AUTO_INCREMENT,
  `name` varchar(255) COLLATE utf8mb4_unicode_ci NOT NULL,
  `subject_code` varchar(255) COLLATE utf8mb4_unicode_ci NOT NULL,
  `teacher_id` bigint unsigned NOT NULL,
  `description` text COLLATE utf8mb4_unicode_ci,
  `credits` int DEFAULT NULL COMMENT 'หน่วยกิต',
  `created_at` timestamp NULL DEFAULT NULL,
  `updated_at` timestamp NULL DEFAULT NULL,
  PRIMARY KEY (`id`),
  UNIQUE KEY `subjects_subject_code_unique` (`subject_code`),
  KEY `subjects_teacher_id_foreign` (`teacher_id`),
  CONSTRAINT `subjects_teacher_id_foreign` FOREIGN KEY (`teacher_id`) REFERENCES `users` (`id`) ON DELETE CASCADE
) ENGINE=InnoDB AUTO_INCREMENT=17 DEFAULT CHARSET=utf8mb4 COLLATE=utf8mb4_unicode_ci;
/*!40101 SET character_set_client = @saved_cs_client */;

--
-- Dumping data for table `subjects`
--

LOCK TABLES `subjects` WRITE;
/*!40000 ALTER TABLE `subjects` DISABLE KEYS */;
INSERT INTO `subjects` VALUES (10,'คณิตศาสตร์','MATH101',1,'คิตศาสตรพื้นาน ม.1',3,'2026-02-27 03:35:09','2026-03-09 09:10:22'),(11,'วิทยาศาสตร์','SCI101',1,'วิทยาศาสตรพื้นาน ม.1',3,'2026-02-27 03:35:09','2026-03-09 09:10:38'),(12,'ภาษาอังกษ ม.1','ENG101',4,'ภาษาอังกษพื้นาน ม.1',2,'2026-02-27 03:35:09','2026-02-27 03:35:09'),(13,'สังคมศึกษา','SOC101',1,'สังคมศึกษา ม.1',2,'2026-02-27 03:35:09','2026-03-09 09:10:38'),(14,'ภาษาไทย ม.1','THA101',5,'ภาษาไทย ม.1',3,'2026-02-27 03:35:09','2026-02-27 03:35:09'),(15,'พลศึกษา ม.1','PE101',5,'พลศึกษา ม.1',1,'2026-02-27 03:35:09','2026-02-27 03:35:09'),(16,'ภาษาไทย','THAI101',1,NULL,2,'2026-03-09 09:10:38','2026-03-09 09:10:38');
/*!40000 ALTER TABLE `subjects` ENABLE KEYS */;
UNLOCK TABLES;

--
-- Table structure for table `users`
--

DROP TABLE IF EXISTS `users`;
/*!40101 SET @saved_cs_client     = @@character_set_client */;
/*!50503 SET character_set_client = utf8mb4 */;
CREATE TABLE `users` (
  `id` bigint unsigned NOT NULL AUTO_INCREMENT,
  `name` varchar(255) COLLATE utf8mb4_unicode_ci NOT NULL,
  `email` varchar(255) COLLATE utf8mb4_unicode_ci NOT NULL,
  `role` varchar(255) COLLATE utf8mb4_unicode_ci NOT NULL DEFAULT 'student',
  `student_id` varchar(255) COLLATE utf8mb4_unicode_ci DEFAULT NULL,
  `teacher_id` varchar(255) COLLATE utf8mb4_unicode_ci DEFAULT NULL,
  `phone` varchar(255) COLLATE utf8mb4_unicode_ci DEFAULT NULL,
  `class_id` bigint unsigned DEFAULT NULL,
  `department` varchar(255) COLLATE utf8mb4_unicode_ci DEFAULT NULL,
  `email_verified_at` timestamp NULL DEFAULT NULL,
  `password` varchar(255) COLLATE utf8mb4_unicode_ci NOT NULL,
  `remember_token` varchar(100) COLLATE utf8mb4_unicode_ci DEFAULT NULL,
  `created_at` timestamp NULL DEFAULT NULL,
  `updated_at` timestamp NULL DEFAULT NULL,
  `last_login_at` timestamp NULL DEFAULT NULL,
  PRIMARY KEY (`id`),
  UNIQUE KEY `users_email_unique` (`email`),
  UNIQUE KEY `users_student_id_unique` (`student_id`),
  UNIQUE KEY `users_teacher_id_unique` (`teacher_id`),
  KEY `users_class_id_foreign` (`class_id`),
  CONSTRAINT `users_class_id_foreign` FOREIGN KEY (`class_id`) REFERENCES `student_classes` (`id`) ON DELETE SET NULL
) ENGINE=InnoDB AUTO_INCREMENT=22 DEFAULT CHARSET=utf8mb4 COLLATE=utf8mb4_unicode_ci;
/*!40101 SET character_set_client = @saved_cs_client */;

--
-- Dumping data for table `users`
--

LOCK TABLES `users` WRITE;
/*!40000 ALTER TABLE `users` DISABLE KEYS */;
INSERT INTO `users` VALUES (1,'Teacher001','teacher001@gmail.com','teacher',NULL,'T001','0812345678',NULL,'สาขาวิทยาศาสตร์','2026-02-23 22:19:39','$2y$12$whxiC4qXoTfRgaF4035i9e86zoeC/wrKiYZ6dsB53lrgSo9kLRF7i',NULL,'2026-02-23 22:19:39','2026-02-27 00:33:34','2026-03-13 01:36:00'),(2,'Admin001','admin001@gmail.com','admin',NULL,NULL,NULL,NULL,NULL,'2026-02-23 22:19:39','$2y$12$jegt99ah6paiLRO0WibkKeoYumKlVrdHcLYDDT3rMPd2Mh7h4thje',NULL,'2026-02-23 22:19:39','2026-02-27 00:33:42','2026-03-13 01:36:00'),(3,'Student01','student001@gmail.com','student','STU001',NULL,'0931636375',6,NULL,'2026-02-23 22:19:39','$2y$12$WxqTanmhxm/grtIs4p/nIOYwq0/gKb.ZlTJR3Ip6mRpOGQETfChaO',NULL,'2026-02-23 22:19:39','2026-03-14 06:01:39','2026-03-13 01:36:00'),(4,'Teacher002','Teacher002@gmail.com','teacher',NULL,'T002',NULL,NULL,NULL,'2026-02-27 01:28:10','$2y$12$bbNNNwUVXWEzXKzbdVyzM.7VFDjLfRWn1Y/TawkMVIpssQ2FRENpq',NULL,'2026-02-27 01:28:10','2026-02-27 01:28:10','2026-03-13 01:36:00'),(5,'Teacher003','Teacher003@gmail.com','teacher',NULL,'T003',NULL,NULL,NULL,'2026-02-27 01:28:10','$2y$12$bbNNNwUVXWEzXKzbdVyzM.7VFDjLfRWn1Y/TawkMVIpssQ2FRENpq',NULL,'2026-02-27 01:28:10','2026-02-27 01:28:10','2026-03-13 01:36:00'),(6,'Student002','student002@gmail.com','student','STU002',NULL,'0873392552',7,NULL,NULL,'$2y$12$bbNNNwUVXWEzXKzbdVyzM.7VFDjLfRWn1Y/TawkMVIpssQ2FRENpq',NULL,'2026-02-27 01:28:10','2026-03-13 11:25:11','2026-03-13 01:36:00'),(7,'Student003','Student003@gmail.com','student','STU003',NULL,'0949546179',6,NULL,'2026-02-27 01:28:10','$2y$12$bbNNNwUVXWEzXKzbdVyzM.7VFDjLfRWn1Y/TawkMVIpssQ2FRENpq',NULL,'2026-02-27 01:28:10','2026-03-13 11:25:11','2026-03-13 01:36:00'),(8,'Student004','Student004@gmail.com','student','STU004',NULL,'0922218656',6,NULL,'2026-02-27 01:28:10','$2y$12$bbNNNwUVXWEzXKzbdVyzM.7VFDjLfRWn1Y/TawkMVIpssQ2FRENpq',NULL,'2026-02-27 01:28:10','2026-03-13 11:25:11','2026-03-13 01:36:00'),(9,'Student005','Student005@gmail.com','student','STU005',NULL,'0823531636',7,NULL,'2026-02-27 01:28:10','$2y$12$bbNNNwUVXWEzXKzbdVyzM.7VFDjLfRWn1Y/TawkMVIpssQ2FRENpq',NULL,'2026-02-27 01:28:10','2026-03-13 11:25:11','2026-03-13 01:36:00'),(10,'Student006','Student006@gmail.com','student','STU006',NULL,'0823024267',7,NULL,'2026-02-27 01:28:10','$2y$12$bbNNNwUVXWEzXKzbdVyzM.7VFDjLfRWn1Y/TawkMVIpssQ2FRENpq',NULL,'2026-02-27 01:28:10','2026-03-13 11:25:11','2026-03-13 01:36:00'),(11,'Student007','Student007@gmail.com','student','STU007',NULL,'0787426082',7,NULL,'2026-02-27 02:39:09','$2y$12$SI/aOu.MTVMKLG3gzDNJeO9Go3mUBq1WeBD47W64ciGP7PtYEZz4W',NULL,'2026-02-27 02:39:09','2026-03-13 11:25:11','2026-03-13 01:36:00'),(12,'Student008','Student008@gmail.com','student','STU008',NULL,'0898357843',8,NULL,'2026-02-27 02:39:09','$2y$12$0of4c9u42VqfzVyLmhhPKuOELkeHUON9zWAU24EIkrkNqtfEr3loS',NULL,'2026-02-27 02:39:09','2026-03-13 11:25:11','2026-03-13 01:36:00'),(13,'Student009','Student009@gmail.com','student','STU009',NULL,'0758618887',8,NULL,'2026-02-27 02:39:09','$2y$12$fvhRYaNuB8QwVjag9BlFSuVAHzMZMNn4SK3TM7qD4JCPmHK5Egq9y',NULL,'2026-02-27 02:39:09','2026-03-13 11:25:11','2026-03-13 01:36:00'),(14,'Student010','Student010@gmail.com','student','STU010',NULL,'0993411317',8,NULL,'2026-02-27 02:39:10','$2y$12$7GwS1hyMA8k.VPnlP5OOLOKJWSU5B2W9/xLXsLjDdTdqtwe0WYkrm',NULL,'2026-02-27 02:39:10','2026-03-13 11:25:11','2026-03-13 01:36:00'),(15,'Student015','student015@gmail.com','student','STU015',NULL,'0932010491',6,NULL,NULL,'$2y$12$tGNSF6FK8cJG148NNG4cv.cPzp1Dc1TGYpYhbIPMAE5z.CGK.S6V.',NULL,'2026-03-01 03:58:18','2026-03-13 11:25:11','2026-03-13 01:36:00'),(16,'Student020','student020@gmail.com','student','STU020',NULL,'0643813338',7,NULL,NULL,'$2y$12$S10hstKGfUWPiula1oZ7aOMLrHwCLmCUB62I6DzVb9XP1aPkoXdpS',NULL,'2026-03-01 21:19:19','2026-03-13 11:25:11','2026-03-13 01:36:00');
/*!40000 ALTER TABLE `users` ENABLE KEYS */;
UNLOCK TABLES;
/*!40103 SET TIME_ZONE=@OLD_TIME_ZONE */;

/*!40101 SET SQL_MODE=@OLD_SQL_MODE */;
/*!40014 SET FOREIGN_KEY_CHECKS=@OLD_FOREIGN_KEY_CHECKS */;
/*!40014 SET UNIQUE_CHECKS=@OLD_UNIQUE_CHECKS */;
/*!40101 SET CHARACTER_SET_CLIENT=@OLD_CHARACTER_SET_CLIENT */;
/*!40101 SET CHARACTER_SET_RESULTS=@OLD_CHARACTER_SET_RESULTS */;
/*!40101 SET COLLATION_CONNECTION=@OLD_COLLATION_CONNECTION */;
/*!40111 SET SQL_NOTES=@OLD_SQL_NOTES */;

-- Dump completed on 2026-03-18 11:37:36
